ID,Year_Birth,Education,Marital_Status,Income
5524,1957,Graduation,Single,58138.0
2174,1954,Graduation,Single,46344.0
4141,1965,Graduation,Together,71613.0
6182,1984,Graduation,Together,26646.0
5324,1981,PhD,Married,58293.0
1001,1947,Master,Divorced,82443.5
1002,1960,Graduation,Together,25269.6
1003,1978,Graduation,Together,63510.2
1004,1997,2n Cycle,Single,59437.2
1005,1958,Graduation,Married,32340.7
1006,1962,Graduation,Together,79337.5
1007,1950,Graduation,Together,60785.6
1008,1950,Master,Married,39845.3
1009,1963,Master,Widow,12811.7
1010,1992,Graduation,Single,54582.9
1011,1975,Graduation,Married,49105.1
1012,1979,Master,Together,29385.7
1013,1963,Master,Together,29127.7
1014,1942,Graduation,Together,67370.2
1015,1961,2n Cycle,Married,10886.1
1016,1992,Graduation,Single,56285.7
1017,1941,Graduation,Together,46251.3
1018,1963,2n Cycle,Together,
1019,1983,Graduation,Single,44113.9
1020,1969,PhD,Together,55865.5
1021,1977,Graduation,Married,35144.5
1022,1941,Graduation,Together,49015.9
1023,1999,2n Cycle,Divorced,59781.7
1024,1960,Graduation,Single,53017.4
1025,1972,Basic,Single,57606.1
1026,1951,Graduation,Together,31441.6
1027,1997,Graduation,Together,38186.5
1028,1961,Graduation,Together,38533.2
1029,1983,Master,Divorced,44470.2
1030,1964,Graduation,Divorced,77171.7
1031,1988,Basic,Absurd,42916.4
1032,1966,Graduation,Married,27128.8
1033,1998,2n Cycle,Married,60832.9
1034,1981,Graduation,Married,76932.9
1035,1967,Basic,Single,24775.8
1036,1999,Master,Together,89456.2
1037,1955,Master,Married,58303.5
1038,1954,Basic,Widow,70677.8
1039,1986,Master,Together,79341.4
1040,1990,PhD,Together,69452.4
1041,1983,Graduation,Married,47789.3
1042,1994,Graduation,Single,74354.0
1043,1991,2n Cycle,Single,55092.0
1044,1996,PhD,Married,71809.7
1045,1942,Master,Single,73997.5
1046,1976,Graduation,Together,28182.1
1047,1990,Graduation,Divorced,65886.0
1048,1946,Graduation,Divorced,46362.2
1049,1960,Master,Together,52763.8
1050,1948,Graduation,Married,52541.9
1051,1978,Graduation,Divorced,51739.4
1052,1957,Graduation,Divorced,80470.5
1053,1943,Graduation,Single,22671.0
1054,1964,PhD,Together,15553.1
1055,1999,Graduation,Married,11334.2
1056,1953,Master,Divorced,71382.9
1057,1989,Graduation,YOLO,34531.3
1058,1997,Graduation,Single,52643.7
1059,1948,Graduation,Divorced,47705.7
1060,1965,Graduation,Together,32272.5
1061,1992,Graduation,Absurd,67029.5
1062,1941,Graduation,Married,47450.7
1063,1959,PhD,Divorced,45245.3
1064,1967,Graduation,Single,54657.4
1065,1986,Master,Married,64415.4
1066,1999,Basic,Single,30820.5
1067,1946,Master,Absurd,67458.4
1068,1983,Graduation,Divorced,78997.1
1069,1947,Graduation,Divorced,21477.6
1070,1986,Graduation,Widow,55566.0
1071,1974,Graduation,Single,43901.6
1072,1953,2n Cycle,Married,63984.6
1073,1956,Graduation,Single,25666.8
1074,1975,Graduation,Married,82578.8
1075,1989,PhD,Married,17842.1
1076,1979,Master,Married,45114.4
1077,1943,PhD,Married,58685.9
1078,1941,Graduation,Single,36273.3
1079,1945,Graduation,Single,33132.0
1080,1993,PhD,Single,54444.7
1081,1981,Graduation,Absurd,51555.2
1082,1943,Graduation,Together,50118.8
1083,1993,Graduation,Absurd,67173.8
1084,1968,Graduation,Married,42110.5
1085,1957,Graduation,Married,56391.9
1086,1965,Graduation,Together,39867.9
1087,1983,PhD,Married,33013.4
1088,1973,Master,Married,44304.8
1089,1949,Basic,Married,40024.7
1090,1975,Graduation,Single,41023.9
1091,1953,Graduation,Married,73306.5
1092,1970,Graduation,Married,44917.9
1093,1987,PhD,Together,36741.9
1094,1954,Master,Single,50561.6
1095,1947,Graduation,Married,52084.6
1096,1953,2n Cycle,Divorced,26262.4
1097,1962,Graduation,Single,44031.9
1098,1999,PhD,Married,43226.3
1099,1996,Master,Divorced,46557.1
1100,1979,Basic,Single,64510.6
1101,1960,Master,Single,52733.4
1102,1955,Basic,Married,74558.7
1103,1984,Graduation,Married,49766.8
1104,1957,Basic,Together,85521.7
1105,1986,Graduation,Divorced,40784.5
1106,1992,Basic,Single,34608.8
1107,1963,PhD,Together,60946.1
1108,1965,Basic,Married,77281.6
1109,1964,Graduation,Single,22423.9
1110,1999,PhD,Together,46060.2
1111,1999,PhD,Married,37784.4
1112,1999,Master,Married,52857.0
1113,1984,Graduation,Single,50200.4
1114,1980,Graduation,Married,76907.6
1115,1968,Graduation,Married,47831.9
1116,1954,Graduation,Divorced,77495.7
1117,1984,Basic,Single,43698.0
1118,1940,Graduation,Married,68529.6
1119,1964,2n Cycle,Married,54573.3
1120,1946,Graduation,Together,84597.7
1121,1948,Graduation,Together,20459.7
1122,1963,Master,Together,26722.8
1123,1940,Master,Together,86632.4
1124,1983,Graduation,Divorced,35334.7
1125,1947,PhD,Married,36603.9
1126,1963,Master,Married,32485.5
1127,1950,Graduation,Divorced,72968.9
1128,1990,2n Cycle,YOLO,24930.8
1129,1956,2n Cycle,Divorced,50449.0
1130,1947,Master,Married,44687.6
1131,1974,Graduation,Single,70730.3
1132,1974,Master,Married,38726.3
1133,1972,Graduation,Together,58305.5
1134,1998,Graduation,Married,
1135,1944,Graduation,Married,95478.8
1136,1981,Graduation,Divorced,45208.2
1137,1978,Basic,Married,50175.3
1138,1997,Master,Divorced,83095.1
1139,1980,Master,Married,38266.5
1140,1967,Graduation,Married,83347.6
1141,1946,Graduation,Married,41770.6
1142,1948,Graduation,Together,63434.0
1143,1947,2n Cycle,Single,38546.4
1144,1951,Graduation,Single,22879.3
1145,1973,Basic,Absurd,58291.9
1146,1972,PhD,Single,62798.1
1147,1987,Graduation,Together,23682.3
1148,1994,Master,Together,43858.8
1149,1962,Graduation,Married,74015.2
1150,1963,Basic,Together,62002.4
1151,1976,2n Cycle,Married,42095.7
1152,1974,Graduation,Together,38049.5
1153,1983,Graduation,Married,88964.9
1154,1979,PhD,Together,21061.4
1155,1961,2n Cycle,Single,48816.0
1156,1966,Graduation,Together,20706.1
1157,1974,PhD,Single,76296.3
1158,1940,PhD,Married,49857.5
1159,1974,Master,Married,53563.5
1160,1976,Graduation,Single,105377.8
1161,1986,Master,Divorced,38130.5
1162,1953,2n Cycle,Married,84971.5
1163,1942,Graduation,Widow,42185.4
1164,1940,Graduation,Absurd,45329.8
1165,1944,2n Cycle,Together,102763.5
1166,1965,Graduation,Single,46778.2
1167,1994,Basic,Married,22512.6
1168,1953,Graduation,Together,55638.4
1169,1978,Graduation,Married,46545.3
1170,1966,Basic,Single,57341.9
1171,1948,Graduation,Together,47328.0
1172,1954,PhD,Divorced,94310.9
1173,1954,Graduation,Together,61134.7
1174,1965,PhD,Single,28500.7
1175,1981,Graduation,Together,52490.9
1176,1999,Graduation,Married,34007.4
1177,1952,2n Cycle,Married,45045.7
1178,1990,Graduation,Divorced,31791.2
1179,1971,Master,Married,92142.4
1180,1978,Graduation,Married,36172.3
1181,1988,Master,Single,63751.3
1182,1991,Graduation,Divorced,43530.4
1183,1971,2n Cycle,Together,26831.7
1184,1943,Graduation,Together,53953.0
1185,1969,Graduation,Together,58013.8
1186,1976,Graduation,Single,61172.5
1187,1962,Graduation,Married,0.0
1188,1978,PhD,Married,25303.1
1189,1984,Graduation,Single,69151.1
1190,1954,Basic,Married,31527.9
1191,1982,Graduation,Widow,54058.9
1192,1968,Graduation,Single,
1193,1975,PhD,Married,64632.0
1194,1952,Master,Married,68625.4
1195,1971,Graduation,Married,64638.2
1196,1946,Graduation,Widow,70651.1
1197,1998,Graduation,Married,81278.0
1198,1990,Master,Married,26518.5
1199,1961,Master,Together,34226.6
1200,1967,Graduation,Single,67950.9
1201,1941,Basic,Married,72604.4
1202,1981,Basic,Married,36513.1
1203,1984,PhD,Together,
1204,1996,Basic,YOLO,36955.7
1205,1992,Graduation,Together,17898.1
1206,1945,Graduation,Married,24571.8
1207,1967,Graduation,Divorced,25054.1
1208,1967,Graduation,Single,44118.0
1209,1983,PhD,Single,55416.7
1210,1983,2n Cycle,Married,58669.5
1211,1959,Graduation,Married,39828.8
1212,1969,Graduation,Married,40320.3
1213,1950,Graduation,Together,52473.2
1214,1997,2n Cycle,Widow,20079.7
1215,1994,Graduation,Married,69188.8
1216,1967,PhD,Married,75707.7
1217,1964,Graduation,Single,37488.4
1218,1978,Graduation,Single,42031.3
1219,1972,2n Cycle,Together,74866.2
1220,1940,2n Cycle,Married,47539.0
1221,1996,Graduation,Divorced,61764.9
1222,1966,2n Cycle,Single,48153.9
1223,1996,PhD,Single,81126.1
1224,1991,Basic,Married,59801.6
1225,1952,Graduation,Married,60953.1
1226,1980,PhD,Single,61326.1
1227,1942,Graduation,Together,38897.7
1228,1978,Master,Single,40735.2
1229,1945,Graduation,Together,65384.9
1230,1947,Graduation,Married,52528.3
1231,1966,Graduation,Single,26447.8
1232,1948,Master,Married,87462.1
1233,1976,Graduation,Divorced,69561.4
1234,1972,Master,Married,50752.5
1235,1990,2n Cycle,Together,44530.0
1236,1981,Graduation,Single,53973.5
1237,1983,Master,Together,60350.4
1238,1963,Graduation,Married,9340.0
1239,1954,Basic,Together,92247.0
1240,1998,Graduation,Together,34202.3
1241,1993,Master,Widow,49961.9
1242,1971,Basic,Married,50697.3
1243,1971,2n Cycle,Single,89937.0
1244,1963,Master,Single,48237.5
1245,1980,Graduation,Divorced,81770.1
1246,1991,PhD,Married,58134.5
1247,1988,Basic,Together,30762.3
1248,1988,PhD,Married,52694.1
1249,1997,Graduation,Married,47629.8
1250,1991,2n Cycle,Single,28318.6
1251,1951,Master,Absurd,57154.5
1252,1978,Master,Together,50442.1
1253,1941,Graduation,Widow,61128.4
1254,1942,Master,Married,53867.1
1255,1988,Graduation,Together,36977.9
1256,1976,Master,Together,65366.7
1257,1988,Graduation,Married,37512.0
1258,1995,Master,Divorced,0.0
1259,1956,2n Cycle,Widow,52573.1
1260,1998,Graduation,Divorced,38918.5
1261,1988,2n Cycle,Together,57642.6
1262,1941,Graduation,Married,89977.4
1263,1941,Basic,Married,90554.8
1264,1967,Master,Absurd,46697.5
1265,1993,PhD,Single,33469.7
1266,1962,Master,Together,61693.7
1267,1976,Basic,Together,42595.5
1268,1971,Graduation,Together,57835.5
1269,1972,Graduation,YOLO,36782.8
1270,1940,Master,Married,55013.8
1271,1958,Basic,Married,33760.5
1272,1941,Master,Single,73685.1
1273,1992,Master,Married,38200.4
1274,1983,Graduation,Married,63222.1
1275,1965,Basic,Married,24704.7
1276,1971,Graduation,Divorced,65623.5
1277,1945,PhD,Widow,30672.3
1278,1971,Graduation,Single,55223.5
1279,1994,Graduation,Married,70464.0
1280,1943,Graduation,Widow,46000.3
1281,1994,Graduation,Single,29416.7
1282,1950,Master,Single,59936.3
1283,1995,Graduation,Single,33180.4
1284,1998,Graduation,Together,41915.1
1285,1956,Graduation,Single,55309.3
1286,1977,Graduation,Absurd,77213.5
1287,1963,Graduation,Married,50531.1
1288,1944,Graduation,Married,50457.2
1289,1991,PhD,Married,64750.3
1290,1973,Master,Married,51007.4
1291,1945,PhD,Together,62710.6
1292,1961,Graduation,Together,71570.7
1293,1950,Graduation,Together,43445.3
1294,1987,Basic,Together,0.0
1295,1955,PhD,Widow,33641.5
1296,1972,Graduation,Divorced,74173.6
1297,1948,Graduation,Together,49324.7
1298,1999,Graduation,Single,43217.4
1299,1998,Graduation,Single,73335.7
1300,1945,Graduation,Married,47973.5
1301,1955,PhD,Together,8149.3
1302,1968,PhD,Married,19894.0
1303,1942,PhD,Married,58373.0
1304,1959,Master,Divorced,48662.2
1305,1999,Basic,Divorced,79093.1
1306,1998,Master,Widow,35334.6
1307,1975,2n Cycle,Married,43810.0
1308,1958,Graduation,Together,32309.9
1309,1965,Graduation,Married,39588.1
1310,1942,Graduation,Single,12161.9
1311,1958,PhD,Single,42286.3
1312,1959,Basic,Married,48962.6
1313,1971,Graduation,Married,47273.4
1314,1946,2n Cycle,Divorced,92991.1
1315,1991,Graduation,Single,86669.7
1316,1980,2n Cycle,Together,34982.0
1317,1972,Graduation,Married,9121.3
1318,1979,Graduation,Married,48016.0
1319,1978,Graduation,Married,57530.2
1320,1957,Graduation,Married,32790.3
1321,1979,Graduation,Together,33780.5
1322,1940,Graduation,Married,81651.1
1323,1950,Basic,Single,44849.0
1324,1967,PhD,Single,63245.0
1325,1996,Graduation,Married,31393.9
1326,1964,PhD,Widow,48861.2
1327,1989,Master,Married,43273.2
1328,1962,Graduation,Together,36492.5
1329,1970,Graduation,Together,73106.0
1330,1969,Graduation,Widow,22222.5
1331,1981,Graduation,Divorced,56001.1
1332,1974,Master,Together,42897.6
1333,1946,Graduation,Together,58296.5
1334,1999,PhD,Divorced,43168.5
1335,1955,Master,Married,67343.9
1336,1965,Graduation,Married,31205.9
1337,1987,PhD,Single,73151.1
1338,1996,Graduation,Divorced,49423.9
1339,1991,2n Cycle,Divorced,23429.9
1340,1999,Graduation,Single,63604.3
1341,1988,Basic,Together,46023.0
1342,1941,PhD,Married,15843.2
1343,1940,Graduation,Single,56649.4
1344,1987,PhD,YOLO,70131.9
1345,1951,2n Cycle,Married,75642.7
1346,1944,PhD,Single,42433.0
1347,1976,Basic,Together,52906.4
1348,1971,Basic,Together,51010.7
1349,1998,Graduation,Single,79796.1
1350,1994,Graduation,Together,33790.2
1351,1948,PhD,Married,40706.8
1352,1980,Graduation,Single,33305.6
1353,1974,Basic,Single,21017.0
1354,1958,2n Cycle,Together,54955.7
1355,1987,Graduation,Married,82026.0
1356,1955,Graduation,Widow,46030.3
1357,1942,Master,Divorced,32362.1
1358,1959,Graduation,YOLO,53737.2
1359,1963,Basic,Married,61782.4
1360,1993,Graduation,Absurd,46872.7
1361,1995,Master,Married,78070.7
1362,1972,Graduation,Married,33752.8
1363,1963,PhD,Single,44260.6
1364,1991,Graduation,Single,55919.8
1365,1950,PhD,Together,57859.3
1366,1988,Graduation,Married,50944.6
1367,1947,Master,Married,24431.6
1368,1975,Basic,Together,96760.2
1369,1977,Graduation,Married,45280.6
1370,1979,Graduation,Together,52205.4
1371,1959,Graduation,Married,62335.2
1372,1974,PhD,Divorced,37269.9
1373,1987,PhD,Divorced,51138.5
1374,1964,PhD,Married,36456.2
1375,1974,Graduation,Married,58311.0
1376,1964,Graduation,Married,44479.5
1377,1968,PhD,Divorced,55374.4
1378,1957,Graduation,Married,29069.3
1379,1985,2n Cycle,Married,33421.7
1380,1957,Graduation,Single,22697.2
1381,1941,Master,Married,35789.4
1382,1993,Graduation,Married,0.0
1383,1974,Graduation,Divorced,43858.0
1384,1955,Master,Married,39315.2
1385,1980,Master,Married,53018.2
1386,1975,2n Cycle,Divorced,50892.2
1387,1972,Graduation,Divorced,75141.6
1388,1943,Graduation,Married,101886.2
1389,1972,Master,Married,72750.8
1390,1953,PhD,Married,40937.8
1391,1960,Graduation,Widow,40132.2
1392,1987,Graduation,Single,67373.3
1393,1959,Graduation,Widow,16333.1
1394,1995,Basic,Together,43695.9
1395,1947,Graduation,Married,45236.9
1396,1946,Graduation,Single,61682.6
1397,1942,Graduation,Married,62277.3
1398,1956,Graduation,Married,35108.8
1399,1972,Graduation,Single,41712.5
1400,1987,PhD,Together,58902.1
1401,1951,Graduation,Absurd,34021.6
1402,1998,Basic,Together,74122.4
1403,1990,Graduation,Together,62183.5
1404,1961,PhD,Single,53430.2
1405,1994,Basic,Married,57818.8
1406,1961,Master,Single,40662.2
1407,1985,PhD,Together,37474.2
1408,1969,Graduation,Widow,41505.6
1409,1977,Graduation,Together,59999.3
1410,1977,Master,Single,54020.3
1411,1984,2n Cycle,Married,41545.7
1412,1990,Master,Together,64991.6
1413,1993,PhD,Married,46521.1
1414,1947,Master,Divorced,36133.8
1415,1966,Graduation,Divorced,55086.8
1416,1966,Graduation,Together,29739.4
1417,1973,PhD,Married,16255.5
1418,1960,2n Cycle,Married,49897.9
1419,1969,Graduation,Single,36851.7
1420,1972,Master,Married,44916.9
1421,1967,Graduation,Married,30665.3
1422,1986,PhD,Together,74178.6
1423,1972,Graduation,Together,36770.1
1424,1944,Graduation,Single,41360.0
1425,1999,Master,Married,57557.7
1426,1987,Graduation,Single,22467.7
1427,1958,Master,Single,20989.0
1428,1943,Master,Divorced,57619.1
1429,1974,2n Cycle,Single,41101.0
1430,1988,Graduation,Married,31970.1
1431,1956,Graduation,Single,62067.5
1432,1983,Graduation,Divorced,33761.6
1433,1967,2n Cycle,Together,44509.8
1434,1969,2n Cycle,Married,32077.4
1435,1968,PhD,Married,56068.7
1436,1985,Basic,Together,76641.5
1437,1992,PhD,Absurd,12779.2
1438,1945,PhD,Married,52253.2
1439,1974,Graduation,Divorced,67131.8
1440,1999,Master,Widow,41570.4
1441,1980,Graduation,Widow,27379.2
1442,1976,Basic,Together,58419.3
1443,1963,Master,Together,70033.1
1444,1968,Master,Married,67810.4
1445,1988,Graduation,Together,57318.2
1446,1985,Graduation,Married,51958.3
1447,1992,Graduation,Together,32019.7
1448,1970,Graduation,Married,67304.9
1449,1974,Graduation,Together,66199.1
1450,1999,2n Cycle,Divorced,27238.8
1451,1972,PhD,Single,57289.6
1452,1991,Graduation,Divorced,63056.5
1453,1960,Graduation,Married,67642.3
1454,1971,Graduation,Divorced,48500.2
1455,1962,PhD,Married,32848.6
1456,1972,PhD,Married,39957.7
1457,1942,2n Cycle,Widow,29855.0
1458,1957,Graduation,Married,48978.8
1459,1964,2n Cycle,Divorced,45062.3
1460,1981,Basic,Married,92900.7
1461,1970,Graduation,Married,67893.5
1462,1993,2n Cycle,Married,69391.0
1463,1997,Graduation,Together,59427.0
1464,1942,Basic,Married,42653.6
1465,1979,Graduation,Single,44492.2
1466,1985,Basic,Married,46322.6
1467,1963,Basic,Single,53764.7
1468,1989,Basic,Absurd,57783.4
1469,1971,Master,Absurd,50014.2
1470,1986,Graduation,Married,44188.0
1471,1961,Graduation,Together,38117.7
1472,1962,Graduation,Married,22147.0
1473,1941,Graduation,Together,75667.6
1474,1966,Master,Divorced,94110.6
1475,1981,Graduation,Widow,73986.7
1476,1941,2n Cycle,Married,24818.7
1477,1965,PhD,Together,65740.3
1478,1956,Basic,Married,70475.5
1479,1979,Graduation,YOLO,41931.2
1480,1972,Basic,Single,59778.5
1481,1948,2n Cycle,Together,40873.9
1482,1982,Graduation,Together,80578.6
1483,1993,PhD,Together,57307.4
1484,1987,Master,Single,31656.9
1485,1978,Graduation,Widow,63396.2
1486,1968,PhD,Single,71175.6
1487,1981,Graduation,Together,53962.6
1488,1994,Graduation,Married,59588.8
1489,1965,Graduation,Married,48604.9
1490,1974,Graduation,Married,27314.4
1491,1989,Graduation,Married,46965.3
1492,1964,Graduation,Single,60460.8
1493,1963,2n Cycle,Single,47439.5
1494,1952,PhD,Married,66015.3
1495,1999,2n Cycle,Together,42156.4
1496,1997,Graduation,Divorced,43468.2
1497,1946,Graduation,Single,66622.4
1498,1996,PhD,Married,54437.1
1499,1975,Graduation,Single,41765.6
1500,1984,Graduation,Single,70676.1
1501,1959,PhD,Together,36225.3
1502,1940,Graduation,Together,35461.0
1503,1947,PhD,Single,0.0
1504,1985,Master,Married,38920.6
1505,1955,Graduation,Single,76174.3
1506,1953,Graduation,Divorced,8554.1
1507,1951,Master,Absurd,30961.6
1508,1990,Graduation,Single,58781.4
1509,1962,Graduation,Married,5102.7
1510,1954,2n Cycle,Divorced,39786.0
1511,1967,Graduation,Widow,72817.3
1512,1973,Master,Married,90860.5
1513,1941,2n Cycle,Single,55804.9
1514,1971,Graduation,Single,31470.7
1515,1962,Graduation,Together,30797.4
1516,1961,Graduation,Married,52898.2
1517,1990,Graduation,Single,55619.3
1518,1964,Graduation,Together,87158.6
1519,1997,Master,Single,69416.1
1520,1961,Graduation,Together,51682.1
1521,1997,PhD,Married,43295.9
1522,1997,2n Cycle,Single,110294.2
1523,1961,Basic,Together,62531.9
1524,1988,PhD,Married,36625.0
1525,1991,Graduation,Absurd,45507.5
1526,1981,PhD,Married,32450.9
1527,1945,PhD,Married,1909.0
1528,1954,Graduation,Together,56253.0
1529,1993,Graduation,Married,85649.1
1530,1982,Basic,Widow,17388.9
1531,1999,Graduation,Married,51105.3
1532,1976,Graduation,Married,35861.9
1533,1972,Graduation,Single,60430.1
1534,1947,Graduation,Married,46553.4
1535,1992,Basic,Divorced,22798.9
1536,1999,Master,Divorced,30377.9
1537,1983,Master,Married,33394.0
1538,1983,Graduation,Married,76886.4
1539,1944,Graduation,Divorced,75865.2
1540,1978,Graduation,Widow,43773.0
1541,1943,Graduation,Single,74556.1
1542,1945,Graduation,Married,46536.3
1543,1984,Master,Married,43466.7
1544,1971,Graduation,Divorced,51142.4
1545,1991,PhD,Single,55696.5
1546,1969,Graduation,Married,38891.1
1547,1986,Graduation,Together,50437.3
1548,1974,Graduation,Single,65746.5
1549,1994,2n Cycle,Married,52590.8
1550,1979,Basic,Married,50855.7
1551,1991,2n Cycle,Married,59883.6
1552,1955,Graduation,Married,63334.1
1553,1952,Graduation,Married,48747.7
1554,1989,PhD,Single,40516.4
1555,1999,Graduation,Together,53784.1
1556,1981,Basic,Divorced,18120.7
1557,1969,Graduation,Together,45793.6
1558,1958,Graduation,Single,568.8
1559,1956,Graduation,Single,16484.2
1560,1995,Graduation,Married,13476.3
1561,1958,Master,Married,70947.0
1562,1967,Graduation,Married,50279.6
1563,1997,Graduation,Together,24759.0
1564,1994,Graduation,Single,59821.3
1565,1965,Graduation,Single,69773.1
1566,1976,Master,Married,60169.7
1567,1965,Basic,Together,46225.8
1568,1992,2n Cycle,Single,54649.7
1569,1962,Master,Together,68029.9
1570,1948,Graduation,Married,40615.1
1571,1951,Master,Divorced,50597.3
1572,1992,Graduation,Divorced,44856.1
1573,1940,Graduation,Married,17731.7
1574,1997,Basic,Married,68331.4
1575,1997,Graduation,Married,91145.4
1576,1940,2n Cycle,Married,32524.1
1577,1986,Graduation,Together,69253.6
1578,1973,PhD,Divorced,33160.1
1579,1971,Master,Together,52655.8
1580,1993,Basic,Divorced,80160.2
1581,1987,PhD,Married,39591.2
1582,1964,PhD,Single,49706.3
1583,1979,Graduation,Together,13969.9
1584,1984,PhD,Married,36715.9
1585,1992,Graduation,Together,11874.6
1586,1940,Master,Married,58583.6
1587,1955,PhD,Single,66632.8
1588,1978,Master,YOLO,45567.3
1589,1944,Graduation,Single,55717.7
1590,1961,Graduation,YOLO,43485.4
1591,1968,Master,Absurd,64810.9
1592,1994,Graduation,Together,52589.2
1593,1942,Graduation,Together,10286.7
1594,1951,Graduation,Together,68799.6
1595,1965,2n Cycle,Divorced,42209.1
1596,1955,Master,Married,24592.4
1597,1990,Graduation,Married,41221.3
1598,1976,Graduation,Together,11958.6
1599,1961,Graduation,Married,25002.2
1600,1996,Master,Married,52859.0
1601,1968,Master,Married,54534.2
1602,1953,Graduation,Together,56128.8
1603,1967,Graduation,Divorced,50064.2
1604,1944,Graduation,Married,36142.7
1605,1986,Master,Widow,48910.8
1606,1988,Master,Together,41255.9
1607,1969,Graduation,Divorced,17484.4
1608,1985,Graduation,Together,34551.7
1609,1991,Graduation,Together,67790.8
1610,1944,2n Cycle,Single,81765.9
1611,1951,Graduation,Divorced,63025.5
1612,1955,Master,Single,80874.0
1613,1965,PhD,Divorced,51707.8
1614,1965,Graduation,YOLO,84847.5
1615,1987,Graduation,Married,91089.8
1616,1960,Graduation,Married,15330.6
1617,1978,PhD,Together,54429.9
1618,1975,Master,Married,51728.6
1619,1972,PhD,Divorced,41517.9
1620,1969,PhD,Single,59838.3
1621,1976,Graduation,Single,50822.5
1622,1962,2n Cycle,Absurd,35291.0
1623,1997,Master,Together,49467.9
1624,1949,Graduation,Divorced,74091.9
1625,1993,2n Cycle,Married,53650.8
1626,1944,PhD,Together,62539.1
1627,1975,PhD,Together,44458.9
1628,1973,Master,Together,59041.3
1629,1991,Basic,Together,25815.7
1630,1970,Master,Together,40005.6
1631,1949,Graduation,Married,47946.6
1632,1997,Graduation,Married,24473.3
1633,1958,2n Cycle,Together,33395.7
1634,1997,Graduation,Married,56262.2
1635,1971,Graduation,Together,52596.6
1636,1940,Graduation,Married,66127.3
1637,1995,Graduation,Together,37989.8
1638,1944,PhD,Together,51152.0
1639,1984,2n Cycle,Married,36562.7
1640,1943,Graduation,Single,64122.6
1641,1955,Graduation,Single,73814.9
1642,1963,Graduation,Together,59666.5
1643,1955,Basic,Divorced,71223.9
1644,1994,PhD,Single,50650.0
1645,1941,Graduation,Together,66111.9
1646,1988,Basic,Married,51508.4
1647,1967,Basic,Married,29501.4
1648,1971,Basic,Widow,54934.4
1649,1966,2n Cycle,Married,30094.1
1650,1959,Graduation,Married,96782.6
1651,1963,Master,Single,43318.2
1652,1951,Graduation,Single,62900.8
1653,1989,Basic,Married,49751.7
1654,1974,Master,Single,25327.7
1655,1999,Master,Together,12029.5
1656,1972,Master,Married,64980.3
1657,1972,Graduation,Married,80986.8
1658,1990,PhD,Single,35303.9
1659,1982,2n Cycle,Married,16866.1
1660,1976,2n Cycle,Together,43496.7
1661,1951,Graduation,Absurd,31257.7
1662,1942,Graduation,Single,36993.7
1663,1940,Graduation,Divorced,62207.5
1664,1972,Master,Together,48990.7
1665,1979,Basic,Together,33409.8
1666,1949,Graduation,Married,61770.0
1667,1982,PhD,Single,63337.4
1668,1983,Basic,Single,43258.9
1669,1968,Master,Together,52758.3
1670,1952,PhD,Married,60410.0
1671,1951,PhD,Widow,58522.1
1672,1970,PhD,Married,50812.3
1673,1985,Graduation,Single,78651.7
1674,1941,PhD,Together,61653.6
1675,1990,Master,Married,40986.4
1676,1989,Basic,Married,41106.6
1677,1974,PhD,Together,38838.3
1678,1962,Master,Widow,62642.4
1679,1956,Graduation,Together,37545.0
1680,1965,Graduation,Together,41502.0
1681,1947,Graduation,Together,71160.4
1682,1968,Graduation,Widow,53832.6
1683,1965,Master,Married,73970.7
1684,1949,2n Cycle,Single,65961.2
1685,1965,Graduation,Married,26466.6
1686,1973,Graduation,Married,47957.3
1687,1990,Basic,Together,69799.0
1688,1980,Graduation,Together,25556.5
1689,1946,PhD,Together,58394.2
1690,1943,Master,Single,49215.3
1691,1997,PhD,Together,14904.2
1692,1992,Graduation,Married,52393.2
1693,1989,Graduation,Together,33250.6
1694,1984,Master,Together,26647.0
1695,1950,PhD,Married,50182.8
1696,1968,Graduation,Single,11382.9
1697,1995,Master,Single,36514.2
1698,1975,Graduation,Divorced,101023.5
1699,1964,Master,Widow,63004.4
1700,1960,Graduation,Together,32371.5
1701,1996,2n Cycle,Single,78083.3
1702,1975,Graduation,Married,30159.1
1703,1949,Graduation,Together,38926.1
1704,1976,Graduation,Together,27023.0
1705,1948,Graduation,Single,55121.6
1706,1963,Basic,Single,77372.6
1707,1974,2n Cycle,Together,30019.9
1708,1988,Graduation,Married,8791.1
1709,1974,Graduation,Married,71819.3
1710,1987,Master,Single,81076.0
1711,1975,Basic,Married,10098.4
1712,1957,PhD,Divorced,59201.1
1713,1988,Graduation,Absurd,54530.1
1714,1978,Graduation,Together,34250.5
1715,1971,Master,Married,22112.9
1716,1963,Graduation,Single,69835.0
1717,1962,PhD,Married,53581.4
1718,1971,Graduation,Married,55088.5
1719,1976,Master,Together,37564.6
1720,1951,Graduation,Married,33961.8
1721,1988,PhD,Married,900.5
1722,1994,Graduation,Single,45439.4
1723,1952,PhD,Married,78776.5
1724,1962,Graduation,Single,32194.9
1725,1964,PhD,Single,19551.7
1726,1974,PhD,YOLO,58713.3
1727,1980,PhD,Married,62401.6
1728,1969,PhD,Married,38281.9
1729,1956,Master,Divorced,43024.7
1730,1988,Basic,YOLO,55278.1
1731,1959,Graduation,Together,46889.0
1732,1987,Basic,Divorced,70002.6
1733,1964,Graduation,Married,98744.9
1734,1961,Graduation,Married,15816.7
1735,1952,Graduation,Married,74595.1
1736,1998,Graduation,Together,52105.2
1737,1958,Master,Together,77764.0
1738,1988,Master,Married,64487.1
1739,1975,Master,Single,51223.1
1740,1951,PhD,Together,65200.5
1741,1980,Graduation,Single,42116.9
1742,1958,Graduation,Together,34514.0
1743,1951,Graduation,Together,66217.3
1744,1948,Graduation,Together,33113.4
1745,1946,Graduation,Together,62847.5
1746,1967,Graduation,Divorced,50615.0
1747,1953,PhD,Married,3411.2
1748,1970,Master,Together,38512.4
1749,1991,2n Cycle,Together,56696.8
1750,1958,2n Cycle,Single,41880.0
1751,1997,PhD,Single,0.0
1752,1986,Graduation,Married,76415.0
1753,1955,PhD,Married,53387.5
1754,1992,Master,Together,58874.8
1755,1944,Graduation,Divorced,40534.5
1756,1974,Graduation,Single,60629.8
1757,1951,Basic,Single,86696.4
1758,1964,Graduation,Absurd,35298.5
1759,1991,PhD,Single,83340.3
1760,1998,PhD,Married,57971.3
1761,1960,Graduation,Together,32611.3
1762,1975,Graduation,Married,94247.8
1763,1992,Graduation,Single,57832.8
1764,1962,Graduation,Single,63529.6
1765,1955,Graduation,Single,44613.0
1766,1996,Basic,Together,34073.5
1767,1978,Graduation,Married,53356.3
1768,1984,PhD,Married,81629.3
1769,1992,Graduation,Together,43806.8
1770,1981,2n Cycle,Divorced,49465.0
1771,1997,Graduation,Single,79126.6
1772,1978,Graduation,Married,43993.5
1773,1953,Basic,Together,60205.5
1774,1970,Basic,Married,67547.0
1775,1997,Graduation,Married,46064.4
1776,1944,Basic,Together,56196.8
1777,1974,Graduation,Divorced,63222.1
1778,1962,Graduation,Divorced,41981.7
1779,1968,Graduation,Together,66315.3
1780,1982,Graduation,Together,39060.3
1781,1950,Master,Married,36498.2
1782,1957,Graduation,Together,19459.2
1783,1986,Graduation,Married,39930.8
1784,1951,Master,Single,33689.9
1785,1948,Master,Together,41982.5
1786,1949,Graduation,Together,62239.9
1787,1997,PhD,Married,15486.5
1788,1983,Graduation,Widow,10506.6
1789,1956,Master,Single,35018.4
1790,1977,Master,Married,59224.6
1791,1946,2n Cycle,Single,55777.3
1792,1985,Graduation,Together,34698.8
1793,1952,Graduation,Together,73388.2
1794,1979,Graduation,Married,36831.8
1795,1981,Graduation,Together,59249.1
1796,1948,Graduation,Married,42744.3
1797,1989,2n Cycle,Together,32624.5
1798,1966,Graduation,Married,37898.7
1799,1997,Graduation,Married,64680.0
1800,1941,Master,Widow,57220.5
1801,1944,Graduation,Married,69362.1
1802,1968,Master,Single,57219.7
1803,1976,Graduation,Together,17776.6
1804,1977,Graduation,Absurd,92288.3
1805,1958,Graduation,Married,57503.4
1806,1947,Graduation,Single,60293.4
1807,1987,2n Cycle,Married,42463.2
1808,1984,Graduation,Married,72263.6
1809,1940,PhD,Single,28137.8
1810,1961,Graduation,Together,62196.6
1811,1991,Graduation,YOLO,8407.3
1812,1956,Basic,Married,63544.2
1813,1946,Graduation,Married,28409.0
1814,1964,Master,Married,55539.9
1815,1984,2n Cycle,Single,77146.8
1816,1943,PhD,Divorced,66454.3
1817,1975,2n Cycle,Married,74487.6
1818,1945,Graduation,Married,72417.0
1819,1999,Graduation,Together,39514.3
1820,1970,Graduation,Married,61966.6
1821,1958,Master,Together,15501.7
1822,1983,2n Cycle,Single,36261.3
1823,1993,Graduation,Divorced,77853.1
1824,1978,Master,Widow,42299.3
1825,1966,Graduation,Together,12640.0
1826,1949,PhD,Absurd,90274.0
1827,1965,Graduation,Single,61245.0
1828,1958,2n Cycle,Married,65289.6
1829,1978,PhD,Together,30390.6
1830,1942,Graduation,Together,55681.1
1831,1984,Graduation,Married,55151.5
1832,1952,Graduation,Married,33570.3
1833,1989,Graduation,Single,46603.6
1834,1967,Graduation,Married,19990.6
1835,1997,Basic,Single,43065.8
1836,1959,PhD,Together,69476.9
1837,1967,PhD,Married,
1838,1947,Graduation,Single,88146.0
1839,1980,Basic,Together,21278.2
1840,1978,Master,Together,
1841,1940,Graduation,Divorced,36871.4
1842,1942,Master,Together,46396.4
1843,1952,PhD,Married,77429.5
1844,1967,Graduation,Divorced,30310.9
1845,1996,Graduation,Married,40974.6
1846,1999,Graduation,Single,63090.1
1847,1988,Graduation,Together,51863.2
1848,1964,2n Cycle,Widow,53503.5
1849,1995,Basic,Married,30694.5
1850,1972,Master,Married,48568.3
1851,1977,Graduation,Single,72631.6
1852,1992,Graduation,Single,17809.6
1853,1945,Master,Married,36053.8
1854,1997,PhD,Together,13689.2
1855,1983,Graduation,Single,60739.5
1856,1984,PhD,Widow,74509.4
1857,1971,Basic,Together,46331.8
1858,1984,Graduation,Together,29889.6
1859,1986,Graduation,Divorced,30475.1
1860,1960,Master,Single,44058.9
1861,1955,Graduation,Married,43982.6
1862,1993,Graduation,Together,68236.6
1863,1960,Graduation,Divorced,36622.5
1864,1950,Graduation,Together,58701.6
1865,1999,Master,Married,43890.6
1866,1976,PhD,Widow,35104.9
1867,1975,Graduation,Single,43392.5
1868,1974,Basic,Divorced,56730.8
1869,1958,Basic,Absurd,68298.7
1870,1959,Basic,Single,44960.5
1871,1996,Graduation,Together,25921.2
1872,1957,Graduation,Single,69994.3
1873,1986,2n Cycle,Married,32036.6
1874,1980,Master,Married,55216.5
1875,1988,Graduation,Together,
1876,1953,Graduation,Widow,46828.6
1877,1954,Graduation,Together,40260.5
1878,1970,2n Cycle,Married,62403.0
1879,1940,PhD,Divorced,0.0
1880,1992,Graduation,Absurd,72729.4
1881,1993,Graduation,Single,31749.8
1882,1993,Master,YOLO,58159.1
1883,1942,Basic,Single,57100.5
1884,1955,Graduation,Divorced,75499.5
1885,1962,Master,Married,53955.0
1886,1996,2n Cycle,Single,33417.8
1887,1950,Graduation,Married,17904.9
1888,1951,PhD,Together,43023.9
1889,1949,Graduation,Married,10836.5
1890,1971,Master,Single,37430.3
1891,1955,PhD,Together,44147.4
1892,1947,PhD,Widow,36201.7
1893,1977,Master,Married,50835.5
1894,1951,Graduation,Married,45277.9
1895,1963,2n Cycle,Married,43446.3
1896,1967,PhD,Single,1517.0
1897,1992,Graduation,Divorced,24105.9
1898,1947,Master,Divorced,62853.1
1899,1997,Master,Together,66085.1
1900,1967,Graduation,Married,13224.5
1901,1975,Basic,Together,33705.6
1902,1965,2n Cycle,Together,71439.3
1903,1947,Graduation,Divorced,35639.2
1904,1997,2n Cycle,Together,47770.2
1905,1999,Graduation,Together,78836.1
1906,1989,Graduation,Together,42768.5
1907,1967,Graduation,Married,39905.6
1908,1967,Basic,Absurd,46859.3
1909,1976,Master,Married,87068.2
1910,1980,Graduation,Together,58924.0
1911,1975,Graduation,Married,50381.6
1912,1966,PhD,Together,39512.8
1913,1993,Graduation,Together,60776.3
1914,1956,Basic,Single,63194.0
1915,1948,Basic,Single,28536.4
1916,1972,PhD,Together,63732.6
1917,1992,2n Cycle,Together,46977.0
1918,1959,Graduation,Married,50496.0
1919,1952,2n Cycle,Married,32314.2
1920,1967,Master,Together,42000.4
1921,1987,PhD,Single,29397.2
1922,1968,Graduation,Married,28435.6
1923,1952,Basic,Single,57541.8
1924,1985,Graduation,Single,42897.7
1925,1974,Graduation,Married,24007.2
1926,1945,Graduation,Married,93541.1
1927,1957,PhD,Single,27506.9
1928,1990,PhD,Married,71842.1
1929,1944,Master,Married,20470.7
1930,1986,Basic,Married,59130.0
1931,1964,Graduation,Married,44988.8
1932,1941,Master,Divorced,37418.9
1933,1949,Graduation,Single,53934.8
1934,1995,Basic,Married,51245.2
1935,1969,Basic,Single,33750.7
1936,1989,PhD,Single,32845.2
1937,1998,Master,Together,18521.7
1938,1984,Graduation,Together,56111.3
1939,1944,Graduation,Divorced,24923.9
1940,1994,Basic,Together,50079.5
1941,1995,Graduation,Absurd,61849.6
1942,1972,Graduation,Single,54161.1
1943,1993,Graduation,Single,35537.4
1944,1940,Basic,Single,68176.2
1945,1957,Graduation,Single,41840.6
1946,1971,Graduation,Married,23316.8
1947,1986,Master,Together,44325.4
1948,1988,Basic,Single,61735.9
1949,1950,Graduation,Widow,36511.7
1950,1960,Graduation,Divorced,67563.6
1951,1965,Graduation,Married,34593.5
1952,1964,Graduation,Single,37315.7
1953,1961,Graduation,Single,29078.4
1954,1998,Master,Single,63674.2
1955,1966,Master,Single,48935.1
1956,1988,PhD,Married,30404.8
1957,1952,Graduation,Married,42075.8
1958,1972,Basic,Married,0.0
1959,1973,Graduation,YOLO,65559.4
1960,1980,2n Cycle,Together,46585.1
1961,1974,PhD,Widow,1875.2
1962,1940,Graduation,Single,20866.4
1963,1960,Master,Married,41568.1
1964,1987,Graduation,Together,23716.6
1965,1994,Master,Single,65867.0
1966,1945,Graduation,Single,58371.5
1967,1967,Graduation,Together,57190.7
1968,1956,Basic,Together,0.0
1969,1944,Graduation,Married,39490.8
1970,1970,Basic,Married,36047.7
1971,1944,Graduation,Married,30918.9
1972,1977,PhD,Single,41696.5
1973,1942,Master,Married,27475.2
1974,1992,PhD,Single,54304.4
1975,1962,Graduation,Single,65331.0
1976,1976,Graduation,Absurd,63607.7
1977,1992,Graduation,Together,47241.8
1978,1976,Graduation,Together,89984.8
1979,1949,Master,Married,72799.5
1980,1949,2n Cycle,Married,47968.8
1981,1958,Basic,Married,40354.6
1982,1956,Master,Single,76760.5
1983,1960,Master,Single,70151.6
1984,1953,Master,Together,21791.5
1985,1948,Graduation,Together,71716.4
1986,1985,2n Cycle,Married,46912.5
1987,1940,Master,Married,32781.8
1988,1990,PhD,Widow,10415.9
1989,1984,Graduation,Single,44621.7
1990,1952,Graduation,Married,49755.4
1991,1943,Graduation,Married,81746.6
1992,1940,Basic,Together,69144.7
1993,1988,PhD,YOLO,38342.3
1994,1979,Graduation,Married,57786.8
1995,1971,2n Cycle,Divorced,66525.0
1996,1973,Graduation,Divorced,51719.1
1997,1967,Graduation,Married,38256.9
1998,1970,Graduation,Married,39356.6
1999,1947,Master,Married,57709.5
2000,1978,2n Cycle,Absurd,58259.6
2001,1965,Graduation,Single,
2002,1997,Basic,Together,0.0
2003,1973,Graduation,Married,24189.5
2004,1993,2n Cycle,Together,62393.8
2005,1993,Master,Married,7383.2
2006,1942,Basic,Together,73683.6
2007,1998,Graduation,Divorced,70723.1
2008,1989,2n Cycle,Divorced,50821.9
2009,1951,Master,Divorced,61958.6
2010,1940,Graduation,Single,60575.5
2011,1993,Basic,Together,47662.5
2012,1983,Graduation,Single,22522.2
2013,1944,Basic,Married,69345.5
2014,1969,Graduation,Married,78144.6
2015,1969,Master,Married,25828.2
2016,1998,PhD,Married,21774.9
2017,1996,Graduation,YOLO,47264.1
2018,1956,Graduation,Single,37475.5
2019,1987,Graduation,Together,52899.0
2020,1986,Graduation,Married,74159.9
2021,1962,Graduation,Single,5086.6
2022,1954,PhD,Single,81625.4
2023,1976,Graduation,Widow,41866.6
2024,1960,Graduation,Divorced,60235.6
2025,1953,Master,Widow,62374.5
2026,1941,Graduation,YOLO,64706.8
2027,1950,2n Cycle,Married,51238.2
2028,1990,Basic,Married,
2029,1978,Master,Together,55780.4
2030,1977,PhD,Married,37394.3
2031,1999,Basic,Married,14838.9
2032,1973,Graduation,Married,25616.3
2033,1977,Graduation,Together,47915.2
2034,1989,Graduation,Together,34263.9
2035,1973,Master,Single,34310.1
2036,1957,Graduation,Married,85985.0
2037,1969,PhD,Together,67177.9
2038,1954,2n Cycle,Together,44958.5
2039,1966,Basic,Married,63440.7
2040,1990,PhD,Together,41594.6
2041,1973,Graduation,Single,52214.5
2042,1991,Basic,Married,58832.6
2043,1996,PhD,Together,41647.9
2044,1977,Graduation,Together,36295.0
2045,1972,Graduation,Married,74478.6
2046,1963,2n Cycle,Together,62282.3
2047,1954,Master,Together,4907.8
2048,1999,Basic,Together,36637.3
2049,1969,Basic,Together,34374.6
2050,1994,PhD,Together,37577.2
2051,1981,PhD,Married,67248.0
2052,1990,Graduation,Single,50384.1
2053,1956,Graduation,Married,22207.4
2054,1944,Graduation,Married,42335.7
2055,1968,Master,Together,60834.8
2056,1943,PhD,Married,45607.1
2057,1949,Basic,Married,37106.5
2058,1995,Graduation,Single,56624.4
2059,1956,PhD,Married,82363.8
2060,1949,PhD,Married,59228.5
2061,1956,PhD,Together,76018.8
2062,1999,Master,Single,38447.7
2063,1959,Graduation,Together,49832.8
2064,1963,PhD,Widow,49429.0
2065,1944,Graduation,Single,52373.6
2066,1973,Graduation,Married,58810.4
2067,1945,Graduation,Single,31620.6
2068,1992,Master,Together,62946.7
2069,1941,2n Cycle,Together,17442.3
2070,1952,PhD,Married,23284.9
2071,1982,Master,Married,92712.5
2072,1982,PhD,Divorced,39797.6
2073,1987,PhD,Single,64590.4
2074,1950,Graduation,Single,83965.8
2075,1990,Graduation,Divorced,3710.9
2076,1986,Graduation,Together,72524.9
2077,1996,Graduation,Divorced,62978.9
2078,1962,Graduation,Together,82807.9
2079,1994,Graduation,Divorced,26369.5
2080,1955,Graduation,Married,79025.1
2081,1970,2n Cycle,Together,35211.7
2082,1950,Graduation,Widow,71095.6
2083,1993,Graduation,Together,49279.6
2084,1955,Graduation,Single,65415.4
2085,1947,PhD,Married,50977.4
2086,1943,Graduation,Single,13212.0
2087,1979,Graduation,Married,0.0
2088,1943,PhD,Married,54198.3
2089,1995,Graduation,Together,44725.3
2090,1964,Graduation,Together,57964.4
2091,1942,Graduation,Married,44956.9
2092,1971,Graduation,Together,90361.5
2093,1942,Graduation,Single,54610.7
2094,1966,Graduation,Single,41061.0
2095,1968,Basic,Single,56747.3
2096,1971,PhD,Married,41426.5
2097,1989,PhD,Married,51858.6
2098,1997,Graduation,Married,25650.4
2099,1990,2n Cycle,Married,49828.3
2100,1958,Graduation,Divorced,40443.0
2101,1960,Graduation,Single,27545.3
2102,1944,PhD,Together,89514.7
2103,1957,Graduation,Together,28325.3
2104,1967,Graduation,Together,50139.3
2105,1981,PhD,Widow,33943.8
2106,1961,Basic,Single,55940.8
2107,1960,Graduation,Single,24512.3
2108,1945,Master,Divorced,66807.1
2109,1940,2n Cycle,Married,90723.1
2110,1944,Graduation,Together,33209.2
2111,1980,Graduation,Together,74339.4
2112,1951,Graduation,Together,42362.4
2113,1965,Graduation,Widow,
2114,1985,Graduation,YOLO,93770.0
2115,1973,2n Cycle,Together,45325.9
2116,1988,Master,Married,19594.7
2117,1953,PhD,Divorced,68961.7
2118,1965,Graduation,Single,54488.3
2119,1984,Basic,Married,60035.8
2120,1966,2n Cycle,Divorced,43203.1
2121,1948,Basic,Married,32310.1
2122,1965,Graduation,Married,73207.0
2123,1996,PhD,Single,56395.8
2124,1986,Graduation,Divorced,21128.9
2125,1996,Graduation,Married,63737.5
2126,1961,Graduation,Together,59723.4
2127,1986,PhD,Married,43494.0
2128,1995,Master,Together,82396.3
2129,1969,Graduation,Together,37636.5
2130,1982,Graduation,Married,46620.3
2131,1987,Graduation,Married,65373.0
2132,1956,Graduation,Married,
2133,1965,Graduation,Absurd,22311.5
2134,1975,Graduation,Together,53676.0
2135,1940,Master,Widow,41712.2
2136,1947,Graduation,Married,67139.9
2137,1988,Graduation,Together,53024.4
2138,1974,Graduation,Together,51890.2
2139,1991,2n Cycle,Together,29035.0
2140,1954,Master,Absurd,45399.5
2141,1986,Master,Married,69402.0
2142,1995,Graduation,Single,34469.3
2143,1961,PhD,Together,49349.0
2144,1953,Graduation,Together,31271.1
2145,1965,PhD,Together,26323.1
2146,1967,2n Cycle,Married,48302.8
2147,1962,PhD,Married,53476.0
2148,1953,Basic,Married,89877.3
2149,1963,Master,Married,40890.8
2150,1941,Graduation,Together,48996.6
2151,1984,2n Cycle,Together,24998.5
2152,1965,Graduation,Married,62244.8
2153,1953,PhD,Married,57961.9
2154,1998,Graduation,Married,79767.9
2155,1995,Graduation,Single,72232.4
2156,1990,Graduation,Together,57028.1
2157,1946,Graduation,Widow,40598.6
2158,1942,Graduation,Married,54093.4
2159,1986,PhD,Together,47779.7
2160,1962,Graduation,Divorced,69068.0
2161,1985,Graduation,Divorced,66524.6
2162,1982,PhD,Single,44071.7
2163,1986,Graduation,Absurd,20760.1
2164,1999,Master,Married,76667.7
2165,1984,Master,Married,61637.5
2166,1957,Basic,Single,43610.2
2167,1997,Master,Married,60857.5
2168,1977,Graduation,Single,51497.2
2169,1974,Master,Married,76372.4
2170,1990,Graduation,Married,11404.4
2171,1954,Graduation,Divorced,42056.2
2172,1964,Master,Divorced,81981.1
2173,1994,Graduation,Married,61264.0
2175,1976,Master,Divorced,85452.1
2176,1967,Basic,Divorced,25563.9
2177,1949,Basic,Together,71443.9
2178,1978,2n Cycle,Single,70244.5
2179,1996,Graduation,Together,16365.4
2180,1956,Graduation,Widow,44090.0
2181,1978,PhD,Together,47869.4
2182,1961,Graduation,Married,17608.9
2183,1965,PhD,Married,44508.0
2184,1983,Master,Together,67463.7
2185,1964,Master,Married,42181.5
2186,1956,Graduation,Single,54842.7
2187,1952,Graduation,Married,54987.4
2188,1959,Graduation,Divorced,49757.1
2189,1964,Graduation,Divorced,35896.4
2190,1943,Basic,Single,63176.3
2191,1949,Graduation,Absurd,18259.3
2192,1942,Graduation,Married,50171.8
2193,1980,Graduation,Together,77709.7
2194,1984,PhD,Together,41052.5
2195,1957,PhD,Divorced,35453.6
2196,1986,Graduation,Widow,64510.3
2197,1975,Graduation,Married,53268.6
2198,1986,Graduation,Divorced,64908.9
2199,1961,Graduation,Single,50770.0
2200,1973,Master,Together,2234.2
2201,1986,PhD,Together,73598.3
2202,1947,Graduation,Together,91400.5
2203,1979,Graduation,Married,75680.8
2204,1988,2n Cycle,Divorced,0.0
2205,1983,Graduation,Single,59021.8
2206,1958,Master,Single,40665.1
2207,1981,Graduation,Together,28315.1
2208,1980,Graduation,Married,52454.6
2209,1976,Graduation,Divorced,47021.1
2210,1945,PhD,Married,60173.2
2211,1991,2n Cycle,Single,51131.6
2212,1965,Graduation,Divorced,27583.8
2213,1973,Graduation,Married,38468.0
2214,1998,Graduation,Single,35240.8
2215,1995,Graduation,Together,15670.3
2216,1998,Graduation,Married,22567.1
2217,1984,Graduation,Together,45778.6
2218,1945,Master,Married,78475.1
2219,1976,Graduation,Divorced,39288.9
2220,1996,Graduation,Divorced,34851.4
2221,1972,2n Cycle,Together,26374.3
2222,1992,Graduation,Single,50610.7
2223,1961,2n Cycle,Divorced,73585.2
2224,1960,Graduation,Together,90053.7
2225,1945,Basic,Together,55708.0
2226,1945,PhD,Married,52799.9
2227,1994,Basic,Divorced,39130.5
2228,1987,2n Cycle,Together,42468.7
2229,1943,Graduation,Single,62583.5
2230,1969,2n Cycle,Married,43702.5
2231,1950,Graduation,Divorced,46754.4
2232,1969,Graduation,Single,49493.1
2233,1970,Graduation,Absurd,38183.4
2234,1963,PhD,Together,48500.4
2235,1994,Graduation,Together,9611.9
2236,1948,PhD,Married,60976.7
2237,1994,PhD,Married,97035.4
2238,1942,Master,Widow,38959.1
2239,1990,Basic,Married,57476.7
2240,1970,Graduation,Together,67031.5
2241,1979,Graduation,Married,75604.3
2242,1976,Graduation,Single,44713.6
2243,1975,Graduation,Single,13933.7
2244,1963,Graduation,Married,55344.6
2245,1970,Graduation,Absurd,52572.6
2246,1945,Graduation,Married,43086.7
2247,1941,2n Cycle,Married,47329.8
2248,1959,PhD,Married,52873.6
2249,1967,Graduation,Married,57235.2
2250,1950,PhD,Married,56396.2
2251,1943,Graduation,Divorced,45646.3
2252,1954,Graduation,Married,57685.6
2253,1945,PhD,Married,
2254,1993,Graduation,Single,62840.5
2255,1988,Graduation,YOLO,37451.1
2256,1969,2n Cycle,Married,51461.2
2257,1995,Basic,Single,17525.2
2258,1977,PhD,Together,42601.8
2259,1990,PhD,Together,61349.8
2260,1996,PhD,Married,29325.3
2261,1941,Graduation,Married,43598.0
2262,1954,Graduation,Together,1898.6
2263,1950,Graduation,Single,22638.5
2264,1947,Graduation,Divorced,27870.5
2265,1965,PhD,Together,52035.0
2266,1990,Graduation,Married,56668.2
2267,1984,2n Cycle,Married,48878.9
2268,1983,2n Cycle,Married,42348.1
2269,1944,Master,Together,42418.0
2270,1945,PhD,Married,64320.9
2271,1965,Basic,Married,54256.4
2272,1993,Graduation,Together,43321.1
2273,1943,Master,YOLO,75866.0
2274,1958,Graduation,Married,88999.5
2275,1959,Master,Widow,25085.2
2276,1972,Graduation,Married,60450.2
2277,1959,Basic,Single,111797.8
2278,1988,2n Cycle,Married,55604.1
2279,1951,Graduation,Married,52308.9
2280,1986,Graduation,Married,48885.3
2281,1940,2n Cycle,Single,59803.6
2282,1965,Graduation,Widow,65098.0
2283,1953,Basic,Divorced,25104.7
2284,1977,PhD,Together,49470.3
2285,1976,Graduation,Single,4610.0
2286,1950,Graduation,Single,45813.7
2287,1975,Graduation,Single,31946.2
2288,1952,Master,Together,56783.6
2289,1982,Graduation,Widow,16872.4
2290,1942,PhD,Married,39753.7
2291,1972,Graduation,Single,69330.9
2292,1945,PhD,Married,36473.3
2293,1989,Basic,Married,11901.3
2294,1995,2n Cycle,Married,55150.7
2295,1949,Graduation,Together,38269.4
2296,1944,Basic,Together,46282.3
2297,1962,Master,Single,35402.6
2298,1949,PhD,Single,89487.9
2299,1983,2n Cycle,YOLO,18838.5
2300,1941,Graduation,Married,106669.9
2301,1952,Graduation,Single,42187.3
2302,1979,Basic,Single,53668.9
2303,1941,Graduation,Single,38504.1
2304,1959,Basic,Married,37667.3
2305,1940,Basic,Divorced,34303.4
2306,1976,Graduation,Married,62025.2
2307,1948,Basic,Married,21784.0
2308,1956,Graduation,Together,57282.2
2309,1948,PhD,Married,6310.1
2310,1950,PhD,Divorced,55470.6
2311,1954,2n Cycle,Divorced,66982.9
2312,1963,Graduation,Single,24509.6
2313,1977,Graduation,Together,63574.9
2314,1994,Master,Married,51027.7
2315,1974,Master,YOLO,81968.5
2316,1969,Master,Married,32895.9
2317,1970,Graduation,YOLO,
2318,1988,Graduation,Together,2184.4
2319,1944,Graduation,Married,43409.9
2320,1999,Basic,Married,16028.6
2321,1983,Graduation,YOLO,87021.1
2322,1989,Graduation,Divorced,44766.0
2323,1953,2n Cycle,Single,46566.3
2324,1992,Graduation,Together,58864.8
2325,1995,2n Cycle,Married,49903.9
2326,1950,Master,Single,38124.8
2327,1948,Basic,Married,24867.1
2328,1973,Graduation,Married,53370.3
2329,1951,Graduation,Divorced,57576.7
2330,1974,Master,Married,63907.5
2331,1974,Basic,Divorced,88254.5
2332,1940,Master,Single,6524.6
2333,1979,Graduation,Married,48645.7
2334,1961,Master,Married,73834.8
2335,1999,Master,Married,47509.6
2336,1968,Master,Single,3236.6
2337,1947,Master,Single,24179.2
2338,1950,Basic,Together,56571.4
2339,1980,PhD,Married,55843.9
2340,1976,Graduation,Married,63450.4
2341,1953,Graduation,Married,34379.8
2342,1999,Graduation,Divorced,55197.7
2343,1969,Graduation,Widow,31082.7
2344,1974,Graduation,Married,55199.2
2345,1960,Graduation,Married,51064.2
2346,1976,Graduation,Single,33582.8
2347,1944,Graduation,Absurd,81163.7
2348,1958,Basic,Single,15887.3
2349,1998,2n Cycle,Married,47167.6
2350,1953,Graduation,Married,33141.9
2351,1965,2n Cycle,Married,86684.0
2352,1943,PhD,Single,61968.0
2353,1964,Graduation,Together,37013.8
2354,1984,Graduation,Single,44405.7
2355,1981,PhD,Together,87225.1
2356,1964,Master,Single,31074.5
2357,1957,Master,Single,14711.0
2358,1979,Graduation,Widow,55820.1
2359,1947,Graduation,Single,56272.8
2360,1978,Graduation,Divorced,63320.7
2361,1979,Graduation,Married,63452.5
2362,1953,Graduation,Single,85414.1
2363,1971,Graduation,Absurd,15637.3
2364,1990,Basic,Married,25943.9
2365,1977,2n Cycle,Divorced,63244.1
2366,1972,Graduation,Single,27887.5
2367,1962,2n Cycle,Divorced,20868.2
2368,1954,Graduation,Single,87316.9
2369,1972,Graduation,Married,17601.2
2370,1964,Graduation,Together,42974.6
2371,1956,PhD,Widow,48812.7
2372,1972,2n Cycle,Widow,76182.7
2373,1986,PhD,Divorced,12623.9
2374,1994,Graduation,Divorced,58309.5
2375,1941,PhD,Single,32192.5
2376,1953,Graduation,Married,62552.2
2377,1992,Basic,Married,31863.8
2378,1979,PhD,Married,81446.1
2379,1979,Graduation,Married,31980.6
2380,1990,PhD,Married,760.4
2381,1978,PhD,Single,34223.0
2382,1990,Graduation,Together,44774.0
2383,1945,Master,Single,71647.1
2384,1945,Graduation,Married,24831.7
2385,1942,Master,Married,25227.1
2386,1946,Basic,Together,69211.6
2387,1990,Basic,Together,22495.5
2388,1947,PhD,Together,46420.3
2389,1981,PhD,Single,
2390,1991,Graduation,Married,54351.6
2391,1954,Master,Single,35003.0
2392,1986,Graduation,Married,31460.1
2393,1968,Graduation,Married,56697.9
2394,1972,Graduation,Single,32080.1
2395,1991,Graduation,Married,22800.6
2396,1969,PhD,Absurd,74556.0
2397,1978,Graduation,Absurd,59761.9
2398,1966,Master,Married,85350.0
2399,1975,Graduation,Single,65679.4
2400,1968,Graduation,Single,24637.1
2401,1977,PhD,Married,51927.4
2402,1996,Graduation,Widow,29687.4
2403,1972,Graduation,Single,16967.8
2404,1976,Master,Together,41056.0
2405,1966,Graduation,Single,69630.7
2406,1994,Basic,YOLO,55498.3
2407,1972,Graduation,Married,22182.1
2408,1943,Graduation,Together,40353.2
2409,1961,Master,Married,47142.7
2410,1941,Graduation,Together,16217.8
2411,1949,Graduation,Single,64263.4
2412,1944,Graduation,Single,45425.3
2413,1998,Graduation,Widow,22188.1
2414,1949,Basic,Widow,21056.5
2415,1972,Graduation,Divorced,72013.3
2416,1993,Master,Together,42383.7
2417,1977,Basic,Divorced,73807.0
2418,1952,Graduation,Single,81443.1
2419,1970,2n Cycle,Married,70449.0
2420,1986,Graduation,Married,39331.4
2421,1975,2n Cycle,Together,43.1
2422,1984,Graduation,Married,56259.9
2423,1963,Master,Single,91831.5
2424,1991,Graduation,Together,49292.2
2425,1995,Graduation,Divorced,10203.7
2426,1954,PhD,Married,36502.4
2427,1968,Master,Single,46325.3
2428,1947,Graduation,Single,28040.2
2429,1944,Graduation,Married,0.0
2430,1968,Master,Married,48043.0
2431,1986,Master,Together,34302.5
2432,1943,2n Cycle,Together,85453.8
2433,1951,Master,Together,52020.7
2434,1984,2n Cycle,Married,59391.6
2435,1941,Master,Divorced,47618.3
2436,1966,Graduation,Married,51874.7
2437,1970,Graduation,Married,16954.0
2438,1990,Master,Divorced,29196.7
2439,1990,PhD,Single,71772.3
2440,1975,Graduation,Single,54189.2
2441,1975,Graduation,Divorced,42029.9
2442,1965,2n Cycle,Married,59723.4
2443,1982,PhD,Together,60117.2
2444,1966,Graduation,Single,89817.9
2445,1944,Graduation,Together,53261.3
2446,1959,Graduation,Married,28749.8
2447,1950,Graduation,Single,47686.1
2448,1949,Graduation,Together,62151.3
2449,1979,Graduation,Married,69913.2
2450,1977,Master,Married,17699.4
2451,1945,Graduation,Single,55074.1
2452,1947,Basic,Single,32054.9
2453,1962,Basic,Married,38667.4
2454,1986,Graduation,Single,66916.8
2455,1965,Master,Widow,64925.0
2456,1985,Graduation,Single,36437.0
2457,1982,Basic,Married,46843.2
2458,1951,Graduation,Single,39278.4
2459,1965,Master,Married,107834.1
2460,1952,PhD,Widow,55567.2
2461,1979,Graduation,Single,33210.4
2462,1957,Graduation,Absurd,76443.3
2463,1964,Master,Married,77149.2
2464,1972,Master,Together,85833.4
2465,1986,Graduation,Married,91759.9
2466,1979,PhD,Divorced,64154.3
2467,1999,Graduation,Together,43003.0
2468,1982,Master,Married,45947.7
2469,1951,Graduation,Single,44158.5
2470,1983,Basic,Single,41924.9
2471,1975,Graduation,Widow,74798.7
2472,1987,Graduation,Married,50014.4
2473,1943,Graduation,Married,69428.4
2474,1944,Graduation,Together,63530.3
2475,1995,PhD,Married,
2476,1976,Graduation,Absurd,15656.5
2477,1947,Basic,Together,25266.7
2478,1981,Graduation,Together,41465.9
2479,1988,Graduation,Divorced,52686.6
2480,1967,Graduation,Single,37034.0
2481,1970,Graduation,Married,64061.3
2482,1997,Graduation,Married,39446.3
2483,1948,Graduation,Married,55139.1
2484,1993,Graduation,Together,52351.6
2485,1990,Graduation,Widow,84688.7
2486,1968,PhD,Married,30495.2
2487,1953,PhD,Married,94168.4
2488,1979,Graduation,Absurd,38113.0
2489,1980,Graduation,Married,23198.9
2490,1961,2n Cycle,Married,45661.7
2491,1950,PhD,Married,114802.8
2492,1962,Master,Widow,67904.1
2493,1940,Graduation,Together,62059.3
2494,1985,Master,Together,
2495,1976,Master,Divorced,34608.1
2496,1960,PhD,Married,56520.9
2497,1965,2n Cycle,Married,50050.0
2498,1985,Graduation,Divorced,86181.3
2499,1975,Graduation,Married,47826.2
2500,1993,Master,Together,42434.5
2501,1962,Basic,Widow,26704.0
2502,1996,Graduation,Together,52800.3
2503,1940,Graduation,Together,55859.0
2504,1993,Graduation,Divorced,25968.2
2505,1994,Graduation,Divorced,59063.3
2506,1990,Master,Married,54663.6
2507,1979,PhD,Single,70268.9
2508,1954,Graduation,Married,74247.4
2509,1960,Graduation,Together,51885.6
2510,1986,Graduation,Married,29272.7
2511,1948,Graduation,Together,33387.6
2512,1992,PhD,Married,85242.6
2513,1948,2n Cycle,Together,53309.8
2514,1949,Basic,Single,84923.1
2515,1991,Graduation,Together,59972.1
2516,1996,Basic,Married,65074.7
2517,1992,Master,Married,68774.5
2518,1965,Master,Married,25537.2
2519,1980,Graduation,Together,56139.0
2520,1974,Graduation,Married,25260.0
2521,1991,Graduation,Married,44301.8
2522,1964,Graduation,Absurd,62803.4
2523,1965,Graduation,Together,29493.3
2524,1950,Graduation,Absurd,61186.7
2525,1977,Graduation,Married,20032.6
2526,1941,Master,Married,72866.4
2527,1946,Graduation,Divorced,36711.3
2528,1957,Graduation,Married,29457.7
2529,1966,2n Cycle,Together,21292.9
2530,1973,2n Cycle,Married,38412.9
2531,1966,Master,Married,11847.8
2532,1956,2n Cycle,Single,39032.0
2533,1982,PhD,Married,71989.7
2534,1998,2n Cycle,Single,46225.8
2535,1983,Graduation,Single,26449.6
2536,1998,Graduation,Absurd,54525.3
2537,1990,Graduation,Married,52757.9
2538,1993,Graduation,Together,89132.2
2539,1963,Graduation,Divorced,65814.4
2540,1964,PhD,Together,56112.0
2541,1946,Master,Single,68101.3
2542,1991,PhD,Together,47312.4
2543,1945,Graduation,Together,48491.7
2544,1992,Basic,Together,83178.8
2545,1963,PhD,Together,17288.4
2546,1972,Graduation,Absurd,69358.9
2547,1988,Master,Together,47784.2
2548,1968,Graduation,Married,44170.2
2549,1982,Graduation,Together,38942.1
2550,1961,2n Cycle,Single,53073.5
2551,1965,Graduation,Divorced,49129.4
2552,1967,Graduation,Single,41706.0
2553,1989,Basic,Married,35946.8
2554,1960,Master,Divorced,11893.4
2555,1988,Graduation,Together,35523.9
2556,1946,Graduation,Married,39754.1
2557,1956,Graduation,Married,53024.6
2558,1959,PhD,Divorced,89261.7
2559,1980,Graduation,Married,37680.9
2560,1988,Graduation,Divorced,29525.4
2561,1959,2n Cycle,Single,35710.1
2562,1993,PhD,Together,53066.9
2563,1961,Graduation,Divorced,61772.7
2564,1967,PhD,Single,64566.9
2565,1979,Master,Married,66554.2
2566,1988,Graduation,Single,69384.6
2567,1946,Graduation,Together,44422.3
2568,1940,Basic,Married,91062.8
2569,1971,Graduation,Together,42904.6
2570,1952,PhD,Single,52186.8
2571,1969,Graduation,Married,75916.5
2572,1962,Graduation,Single,61328.5
2573,1990,Graduation,Married,5183.1
2574,1998,Graduation,Together,50112.7
2575,1995,Graduation,Divorced,67239.3
2576,1958,Graduation,Together,23130.6
2577,1971,Basic,Married,65013.9
2578,1969,2n Cycle,Absurd,57803.1
2579,1968,Master,Together,73678.4
2580,1988,Basic,Widow,36161.4
2581,1984,Graduation,Married,69917.9
2582,1968,2n Cycle,Married,53192.2
2583,1969,Graduation,Single,85321.0
2584,1955,2n Cycle,Together,105721.0
2585,1979,2n Cycle,Single,80766.6
2586,1958,Master,Married,59610.4
2587,1957,2n Cycle,Married,96420.1
2588,1940,PhD,Together,62069.6
2589,1953,Graduation,Together,31841.1
2590,1990,Graduation,Single,49214.5
2591,1986,PhD,Married,65233.4
2592,1989,Graduation,Together,66519.1
2593,1941,PhD,Absurd,27494.7
2594,1993,2n Cycle,Together,28129.4
2595,1967,Graduation,Widow,43173.8
2596,1988,Master,Together,60690.9
2597,1989,2n Cycle,Together,63251.3
2598,1969,2n Cycle,Single,52826.1
2599,1977,2n Cycle,Together,33311.4
2600,1990,PhD,Together,84738.9
2601,1943,2n Cycle,Together,28558.8
2602,1940,Master,Married,76046.8
2603,1947,Graduation,Married,64776.5
2604,1968,Graduation,Married,75606.6
2605,1994,Master,Married,41111.3
2606,1978,Graduation,Single,47146.9
2607,1942,PhD,Divorced,51100.9
2608,1971,Master,Single,40472.0
2609,1949,Graduation,Single,54505.2
2610,1949,PhD,Married,81581.8
2611,1958,Master,Together,24063.3
2612,1985,Graduation,Married,36855.8
2613,1973,Graduation,Married,34685.1
2614,1999,Graduation,Together,48111.6
2615,1972,Graduation,Married,47289.5
2616,1962,2n Cycle,Widow,65446.3
2617,1994,Graduation,Widow,50674.5
2618,1967,PhD,Married,56057.7
2619,1971,Graduation,Married,57969.0
2620,1989,Graduation,Together,54908.1
2621,1946,Basic,Single,64066.3
2622,1968,Master,Married,47553.5
2623,1947,Graduation,Married,82927.4
2624,1940,Graduation,Widow,100832.4
2625,1996,Graduation,Single,64124.6
2626,1994,Graduation,Together,54559.8
2627,1942,Master,Together,62491.6
2628,1963,Graduation,Married,27979.3
2629,1962,Graduation,Single,53602.1
2630,1998,Graduation,Absurd,35373.5
2631,1947,2n Cycle,Married,60199.5
2632,1993,2n Cycle,Together,35472.8
2633,1996,Graduation,Married,43104.5
2634,1986,Master,Married,12560.6
2635,1976,Graduation,Married,26535.1
2636,1942,Graduation,Single,57097.5
2637,1990,Master,Single,32623.1
2638,1972,2n Cycle,Divorced,71275.5
2639,1967,2n Cycle,Married,30922.2
2640,1986,PhD,Single,59065.1
2641,1947,Graduation,Married,34762.5
2642,1973,Master,Together,57709.4
2643,1974,Graduation,Single,19304.3
2644,1971,PhD,Together,40936.3
2645,1963,Graduation,Single,33075.7
2646,1953,Master,Single,67664.7
2647,1971,Graduation,Single,59245.2
2648,1995,Graduation,Divorced,25348.5
2649,1985,2n Cycle,Single,45936.4
2650,1982,Graduation,Single,34553.6
2651,1955,PhD,Married,69005.1
2652,1943,Graduation,Divorced,75430.5
2653,1991,Graduation,Married,21167.1
2654,1976,Graduation,Married,66534.1
2655,1993,Graduation,Single,
2656,1960,Basic,Married,44941.7
2657,1953,Graduation,Together,50645.1
2658,1970,2n Cycle,Together,86332.1
2659,1994,PhD,Married,29923.0
2660,1987,Graduation,Married,66695.0
2661,1957,PhD,Single,26569.9
2662,1946,PhD,Married,25188.1
2663,1949,Master,Single,50569.3
2664,1946,Graduation,Together,50434.6
2665,1972,Graduation,Absurd,0.0
2666,1962,Basic,Absurd,73191.9
2667,1960,2n Cycle,Divorced,7217.7
2668,1958,Basic,Together,47081.3
2669,1987,Graduation,Together,76552.3
2670,1958,Master,Married,94183.7
2671,1975,Graduation,Together,42739.0
2672,1968,Graduation,Married,21341.0
2673,1999,Graduation,Married,75811.0
2674,1957,PhD,Together,67303.1
2675,1941,Graduation,Married,40220.2
2676,1940,Graduation,Married,37685.3
2677,1986,Basic,Widow,35652.2
2678,1944,Graduation,Single,43108.3
2679,1959,Graduation,Married,56321.4
2680,1950,Graduation,Widow,38679.7
2681,1981,2n Cycle,Together,41208.4
2682,1941,PhD,Married,62825.6
2683,1942,Graduation,Married,20351.7
2684,1962,Basic,Married,42481.3
2685,1994,Basic,Divorced,16481.2
2686,1951,Graduation,Together,52168.2
2687,1959,Master,Married,11211.9
2688,1944,Master,Single,67800.2
2689,1976,Master,Single,23707.3
2690,1977,Graduation,Absurd,14548.4
2691,1969,Basic,Married,42727.7
2692,1948,PhD,Together,84222.1
2693,1973,Graduation,Single,64223.8
2694,1992,Graduation,Together,11553.7
2695,1983,Graduation,Widow,23137.5
2696,1974,Graduation,Together,42088.0
2697,1991,Master,Single,94767.1
2698,1997,Graduation,Together,31220.9
2699,1961,Graduation,Together,31382.3
2700,1983,PhD,Married,80548.6
2701,1963,Graduation,Divorced,53898.1
2702,1956,2n Cycle,Together,71060.0
2703,1949,Graduation,Divorced,35458.0
2704,1969,Graduation,Together,47967.3
2705,1995,Graduation,Single,76312.6
2706,1998,Graduation,Married,47103.2
2707,1985,Graduation,Married,72461.1
2708,1962,Master,Widow,57745.3
2709,1971,2n Cycle,Together,29207.4
2710,1956,Graduation,Together,49673.7
2711,1989,Master,Married,69627.7
2712,1990,Master,Single,63388.3
2713,1956,Basic,Together,49194.9
2714,1953,Graduation,Married,12165.7
2715,1948,Graduation,Married,14080.2
2716,1979,Graduation,Together,18333.9
2717,1941,Master,Single,39791.2
2718,1984,Basic,Married,42457.6
2719,1964,Graduation,Married,20491.8
2720,1978,Graduation,Single,70450.3
2721,1948,2n Cycle,YOLO,24724.6
2722,1993,Basic,Married,22588.8
2723,1961,2n Cycle,Single,51764.7
2724,1982,Master,Married,69478.1
2725,1985,Graduation,Together,91097.1
2726,1943,PhD,Married,61650.9
2727,1965,Master,Together,81596.6
2728,1997,Graduation,Single,25758.9
2729,1968,PhD,Single,93194.8
2730,1984,Master,Married,12770.3
2731,1973,Graduation,Divorced,39923.2
2732,1962,Master,Divorced,61213.1
2733,1976,PhD,Single,17895.7
2734,1950,2n Cycle,Married,31459.0
2735,1945,Graduation,Widow,28281.5
2736,1957,Graduation,Married,43795.6
2737,1960,PhD,Divorced,78431.7
2738,1981,Graduation,Single,50336.5
2739,1975,Master,Widow,40738.7
2740,1980,Master,Together,0.0
2741,1977,Graduation,Widow,59335.1
2742,1973,PhD,Together,65800.3
2743,1956,PhD,Married,15999.6
2744,1976,Graduation,Widow,48660.6
2745,1964,2n Cycle,Married,53860.2
2746,1977,Basic,Married,69292.0
2747,1997,Master,Together,35504.6
2748,1951,Master,Together,32492.8
2749,1962,Graduation,Widow,40870.1
2750,1992,2n Cycle,Married,75688.7
2751,1981,Master,Together,70876.9
2752,1961,Master,Together,49573.1
2753,1960,Basic,Single,70395.5
2754,1966,Graduation,Married,2626.2
2755,1996,Basic,Married,65833.1
2756,1970,Graduation,Married,27624.7
2757,1945,Graduation,YOLO,85340.5
2758,1966,Graduation,Together,28715.1
2759,1979,2n Cycle,Together,32944.8
2760,1973,Basic,Absurd,61248.5
2761,1951,Master,Married,63179.1
2762,1984,Master,Divorced,41073.4
2763,1996,PhD,Married,57428.1
2764,1992,2n Cycle,Divorced,59907.6
2765,1946,Graduation,Single,57862.3
2766,1949,Graduation,Widow,41908.9
2767,1984,Graduation,Married,
2768,1956,Master,Married,78127.4
2769,1965,Master,Together,25490.2
2770,1960,Graduation,Married,33198.8
2771,1967,Graduation,Together,50545.1
2772,1997,Basic,Married,28875.5
2773,1985,Graduation,Together,13931.9
2774,1941,Master,Married,71862.5
2775,1999,2n Cycle,Single,5424.2
2776,1993,Graduation,Married,41952.3
2777,1982,Graduation,Married,65178.9
2778,1940,Master,Single,55334.0
2779,1990,Basic,Married,42255.0
2780,1992,PhD,Married,28051.2
2781,1975,2n Cycle,Single,56877.4
2782,1990,Graduation,Together,30232.1
2783,1965,PhD,Divorced,55318.7
2784,1968,Master,Single,52818.4
2785,1960,Basic,Together,53020.7
2786,1950,Graduation,Together,37193.6
2787,1979,Basic,Married,90700.2
2788,1950,PhD,Together,57164.1
2789,1975,Graduation,Married,44425.8
2790,1988,Graduation,Married,55285.4
2791,1998,Basic,Single,34510.8
2792,1978,Graduation,Together,42273.9
2793,1979,Graduation,Together,97838.4
2794,1974,Graduation,Single,34652.4
2795,1993,Basic,Married,48444.5
2796,1973,Master,Absurd,40877.9
2797,1994,Master,Married,29207.3
2798,1986,Graduation,Married,58421.7
2799,1963,PhD,Widow,50729.4
2800,1993,PhD,Together,68220.5
2801,1961,Basic,Together,66211.6
2802,1944,2n Cycle,Together,68014.2
2803,1995,Graduation,Divorced,31635.9
2804,1972,Master,Married,62819.2
2805,1997,Graduation,Married,63305.4
2806,1975,PhD,Married,29578.7
2807,1986,Graduation,Absurd,43627.7
2808,1959,Graduation,Together,20877.8
2809,1958,Graduation,Single,63392.5
2810,1974,PhD,Divorced,63300.4
2811,1991,Graduation,Married,78607.3
2812,1982,Master,Single,
2813,1956,Graduation,Married,59029.4
2814,1998,Graduation,Married,69754.7
2815,1984,Master,Divorced,34922.2
2816,1982,Graduation,Married,31880.7
2817,1973,Graduation,Divorced,35542.3
2818,1948,Master,Together,43014.1
2819,1965,Graduation,Single,32588.9
2820,1941,Graduation,Absurd,36403.4
2821,1992,Graduation,Married,67618.3
2822,1948,2n Cycle,Married,48073.1
2823,1948,PhD,Married,56134.0
2824,1979,Master,Divorced,38985.7
2825,1956,PhD,Married,37672.7
2826,1940,Graduation,Single,55711.1
2827,1964,Graduation,Single,52521.2
2828,1982,Master,Married,65559.7
2829,1979,Graduation,Together,76031.9
2830,1981,Graduation,Married,
2831,1964,Graduation,Married,67223.7
2832,1978,Graduation,Single,28403.9
2833,1974,2n Cycle,Married,91475.6
2834,1942,Graduation,Widow,34273.9
2835,1989,PhD,Married,63812.6
2836,1976,Graduation,YOLO,28255.2
2837,1983,2n Cycle,Married,46958.2
2838,1983,Graduation,Single,80914.7
2839,1990,Graduation,Divorced,33645.9
2840,1969,Master,Married,94083.7
2841,1977,Master,Together,49894.5
2842,1973,Graduation,YOLO,69514.3
2843,1951,Graduation,Single,58058.9
2844,1958,Graduation,Single,59140.8
2845,1976,Graduation,Together,21477.7
2846,1983,Graduation,Married,40542.9
2847,1998,Graduation,Single,73919.5
2848,1998,Graduation,Single,43113.6
2849,1988,Graduation,Single,52776.6
2850,1956,Master,Together,19051.6
2851,1949,2n Cycle,Single,39248.5
2852,1996,PhD,Married,72460.8
2853,1994,Graduation,Together,
2854,1988,Graduation,Married,64341.6
2855,1986,2n Cycle,Single,53555.6
2856,1951,Graduation,Together,45280.9
2857,1955,Graduation,Single,44401.5
2858,1963,PhD,Together,40179.4
2859,1958,PhD,Divorced,41960.6
2860,1947,PhD,Married,68594.8
2861,1970,Graduation,Married,41359.1
2862,1960,Graduation,Married,86151.8
2863,1956,2n Cycle,Married,55990.7
2864,1962,Graduation,Divorced,38474.8
2865,1976,Master,Divorced,69467.3
2866,1993,Master,Married,62477.9
2867,1955,PhD,Together,16916.5
2868,1945,Graduation,Widow,29310.6
2869,1947,Graduation,Absurd,47691.6
2870,1964,PhD,Married,18327.8
2871,1957,Basic,Married,91810.6
2872,1964,2n Cycle,Married,66444.6
2873,1951,Graduation,Absurd,49733.3
2874,1954,Graduation,Single,43145.9
2875,1998,2n Cycle,Together,38006.7
2876,1965,Master,Married,10719.4
2877,1980,Basic,Married,15342.5
2878,1984,Graduation,Married,88022.4
2879,1965,PhD,YOLO,81472.0
2880,1986,Master,Single,38484.4
2881,1971,Master,Together,68160.0
2882,1949,Graduation,Single,60128.4
2883,1955,Graduation,Single,62485.8
2884,1946,PhD,Married,21496.4
2885,1956,Graduation,Married,13836.4
2886,1962,Graduation,Married,73651.9
2887,1965,2n Cycle,Married,10414.0
2888,1960,Graduation,Single,47036.1
2889,1961,Basic,Married,42646.0
2890,1997,Graduation,Absurd,40797.0
2891,1946,Master,Widow,56289.0
2892,1953,2n Cycle,Married,36448.2
2893,1954,Graduation,Together,57914.7
2894,1992,Graduation,Widow,52823.1
2895,1946,Graduation,Single,91974.6
2896,1948,Graduation,Divorced,22291.8
2897,1990,Master,Widow,50585.4
2898,1987,2n Cycle,Single,58626.9
2899,1947,Graduation,Single,44871.9
2900,1989,Graduation,Absurd,23258.5
2901,1998,Graduation,Married,75142.1
2902,1962,Master,Single,56738.7
2903,1968,Graduation,Married,24662.1
2904,1957,PhD,Married,58773.4
2905,1970,PhD,Together,84031.3
2906,1969,PhD,Together,49273.7
2907,1991,Graduation,YOLO,49955.7
2908,1978,Master,Married,81360.1
2909,1974,Graduation,Married,30592.3
2910,1957,Graduation,Married,84551.0
2911,1998,Basic,Married,69458.2
2912,1981,Master,Single,31515.6
2913,1978,Graduation,Absurd,36634.6
2914,1956,Graduation,Divorced,39503.7
2915,1953,Graduation,Married,13328.7
2916,1970,Graduation,Together,55209.4
2917,1963,Graduation,Married,32421.1
2918,1974,Graduation,Married,55931.0
2919,1983,Graduation,Together,24181.1
2920,1999,Master,Married,68460.3
2921,1984,PhD,YOLO,64752.5
2922,1973,Master,Together,35882.4
2923,1942,Graduation,Married,57193.0
2924,1976,2n Cycle,Together,51658.4
2925,1982,Basic,Single,79646.0
2926,1979,Basic,Married,29350.4
2927,1965,Basic,Married,46954.0
2928,1994,2n Cycle,Married,37186.3
2929,1962,PhD,Together,50896.4
2930,1983,Graduation,Married,60665.5
2931,1978,PhD,Together,36963.9
2932,1954,Master,Together,42717.9
2933,1995,Master,Married,69320.8
2934,1988,PhD,Divorced,77146.5
2935,1943,Graduation,Married,59870.3
2936,1968,Graduation,Married,47240.7
2937,1961,2n Cycle,Married,45338.1
2938,1964,PhD,Married,60962.5
2939,1952,PhD,Single,54555.3
2940,1957,Graduation,Together,17020.5
2941,1972,Graduation,Married,61447.7
2942,1955,Basic,Married,32788.6
2943,1984,Master,Absurd,21661.3
2944,1981,Master,Together,16633.1
2945,1983,Graduation,Divorced,45677.9
2946,1941,PhD,Single,29669.5
2947,1994,Graduation,Together,3472.8
2948,1974,Master,Divorced,42830.9
2949,1981,Graduation,Together,40188.6
2950,1973,Graduation,Together,47002.0
2951,1969,PhD,Married,37422.0
2952,1998,2n Cycle,Single,86586.6
2953,1994,Graduation,Married,60346.7
2954,1952,Basic,Married,40007.7
2955,1952,Graduation,Divorced,48727.5
2956,1957,Graduation,Married,78292.9
2957,1971,Graduation,Absurd,69132.5
2958,1971,Graduation,Absurd,22075.8
2959,1974,PhD,Married,30514.2
2960,1998,Graduation,Married,34363.1
2961,1978,Graduation,Divorced,41206.0
2962,1985,2n Cycle,Absurd,38091.5
2963,1991,Graduation,Married,50680.2
2964,1968,Master,Married,64714.4
2965,1988,Graduation,Married,68053.2
2966,1968,Master,Together,43464.1
2967,1992,Graduation,Married,17306.1
2968,1983,Graduation,Together,29191.8
2969,1996,Graduation,Single,39604.5
2970,1955,Graduation,Single,25099.3
2971,1995,Graduation,Married,72817.2
2972,1983,Master,Married,26409.2
2973,1986,Basic,Married,62341.3
2974,1996,Basic,Married,16362.4
2975,1949,Master,Married,63144.0
2976,1969,Graduation,Single,47214.6
2977,1964,Graduation,Married,
2978,1978,Graduation,Absurd,27368.7
2979,1959,Graduation,Married,38717.7
2980,1944,PhD,Married,42591.3
2981,1940,PhD,Together,46950.0
2982,1969,Graduation,YOLO,43080.4
2983,1988,Graduation,Married,43466.4
2984,1942,Basic,Together,43138.7
2985,1984,Master,Together,8576.4
2986,1953,Graduation,Together,69866.7
2987,1995,2n Cycle,Single,107222.7
2988,1969,2n Cycle,Together,55965.4
2989,1989,Graduation,Single,27285.0
2990,1943,Graduation,Together,29309.2
2991,1957,PhD,Together,62263.5
2992,1976,2n Cycle,Married,57709.4
2993,1964,Basic,Divorced,44314.2
2994,1987,Graduation,Single,65068.1
2995,1940,Graduation,Divorced,8722.3
2996,1992,PhD,Married,
2997,1985,PhD,Married,54755.2
2998,1954,Graduation,Single,30081.0
2999,1948,Basic,Absurd,21333.5
3000,1954,Master,Single,52426.5
3001,1988,Basic,Single,78144.8
3002,1996,Basic,Married,45438.1
3003,1963,Master,Together,32946.3
3004,1943,Graduation,Married,53825.8
3005,1951,PhD,Single,86417.4
3006,1998,Graduation,Married,58626.0
3007,1997,Master,Married,60788.0
3008,1976,Graduation,Married,74456.0
3009,1976,Master,Married,59451.1
3010,1982,Graduation,Together,34380.6
3011,1999,Graduation,Married,15108.7
3012,1945,Graduation,Married,31566.9
3013,1978,Graduation,Married,27905.5
3014,1995,Master,Absurd,63186.2
3015,1985,Master,Absurd,65967.0
3016,1963,PhD,Divorced,53511.4
3017,1950,Graduation,Married,24626.2
3018,1952,Graduation,Single,85731.9
3019,1973,Graduation,Married,41675.8
3020,1964,Graduation,Married,62069.6
3021,1946,Basic,Married,50986.5
3022,1991,Graduation,Together,54173.3
3023,1943,Graduation,Divorced,61363.7
3024,1998,Graduation,Divorced,36079.6
3025,1947,Graduation,Married,76108.0
3026,1959,PhD,Together,18409.9
3027,1968,PhD,Married,29228.9
3028,1993,Graduation,Single,75848.6
3029,1992,Graduation,Together,61800.1
3030,1990,Graduation,Single,100807.8
3031,1984,Graduation,Married,51367.0
3032,1985,Graduation,Married,84008.6
3033,1949,2n Cycle,Together,12850.4
3034,1982,PhD,Together,21729.7
3035,1973,PhD,Married,67910.5
3036,1996,Graduation,Divorced,15192.6
3037,1965,Graduation,Married,46052.6
3038,1980,PhD,Married,73344.2
3039,1988,Master,Together,
3040,1997,Master,Together,50221.9
3041,1942,Graduation,YOLO,41017.9
3042,1995,PhD,Married,54044.5
3043,1945,Graduation,Together,61545.0
3044,1944,Basic,Together,36782.1
3045,1944,PhD,Widow,57434.7
3046,1993,PhD,Single,71568.6
3047,1986,Graduation,Together,45550.4
3048,1962,PhD,Together,51362.5
3049,1988,Graduation,Married,59675.6
3050,1948,Graduation,Married,61026.7
3051,1974,Graduation,Married,67569.1
3052,1959,Master,Together,29712.5
3053,1997,Graduation,Divorced,39421.5
3054,1988,Graduation,Together,40162.4
3055,1998,Basic,Together,31921.8
3056,1981,Graduation,Married,14031.7
3057,1974,PhD,Single,0.0
3058,1989,Graduation,Married,73909.1
3059,1957,Graduation,Married,18922.1
3060,1956,Master,Married,81330.2
3061,1963,Graduation,Single,64788.2
3062,1942,Graduation,Married,41886.2
3063,1971,PhD,Married,62328.4
3064,1974,PhD,Married,58502.7
3065,1977,Master,Married,27964.5
3066,1952,Graduation,Single,49700.4
3067,1995,Graduation,Widow,30403.2
3068,1986,Master,Divorced,63082.6
3069,1964,PhD,Together,35695.6
3070,1948,Basic,Single,48067.4
3071,1943,Basic,Together,47204.0
3072,1953,Basic,Divorced,52431.6
3073,1976,Graduation,Together,83251.1
3074,1973,Graduation,Single,45180.8
3075,1950,Master,Together,74358.5
3076,1980,Graduation,Divorced,59599.9
3077,1995,Graduation,Together,78368.1
3078,1942,Basic,Together,43231.3
3079,1998,Basic,Married,63922.7
3080,1967,Graduation,Married,48814.6
3081,1968,Graduation,Single,0.0
3082,1948,Graduation,Together,28203.1
3083,1942,Basic,Single,61647.5
3084,1964,2n Cycle,Married,60325.3
3085,1973,Graduation,Married,24100.5
3086,1951,Graduation,Married,54407.4
3087,1981,Basic,Single,60065.2
3088,1948,Graduation,Together,49306.7
3089,1954,PhD,Together,64576.4
3090,1979,2n Cycle,Single,61851.1
3091,1964,Graduation,Single,49297.1
3092,1944,PhD,Single,39783.5
3093,1950,Graduation,Divorced,70850.8
3094,1998,Graduation,Married,59263.2
3095,1973,Basic,Married,22371.3
3096,1963,Graduation,Single,54418.0
3097,1999,2n Cycle,Together,26979.5
3098,1954,PhD,Divorced,30708.6
3099,1977,Graduation,Divorced,36961.8
3100,1947,Graduation,Together,50897.5
3101,1998,Graduation,Single,57489.7
3102,1944,Graduation,Single,41821.2
3103,1987,Graduation,Single,42696.3
3104,1965,Graduation,Married,39935.1
3105,1957,Graduation,Single,70950.3
3106,1945,Master,Married,0.0
3107,1976,Master,Married,43826.5
3108,1999,Master,Widow,80899.7
3109,1987,Graduation,Together,60344.6
3110,1952,Graduation,Divorced,75336.9
3111,1967,Master,Together,9315.0
3112,1944,Graduation,Single,25155.0
3113,1952,Graduation,Together,60281.0
3114,1956,Basic,Married,81012.6
3115,1989,Master,Together,27175.3
3116,1979,PhD,Married,42244.8
3117,1984,Graduation,YOLO,58029.3
3118,1971,Master,Married,20950.0
3119,1968,PhD,Married,60433.8
3120,1990,Master,Widow,0.0
3121,1997,Master,Single,59844.8
3122,1942,Basic,Together,30098.3
3123,1995,PhD,Together,41048.1
3124,1979,Graduation,Divorced,63037.7
3125,1973,Master,Absurd,58945.0
3126,1979,PhD,Absurd,49840.4
3127,1966,Master,Single,69380.8
3128,1952,Graduation,Divorced,15996.5
3129,1984,Graduation,Together,54088.3
3130,1972,Basic,Together,34196.6
3131,1945,Master,Single,68360.6
3132,1963,2n Cycle,Together,63741.3
3133,1958,Master,YOLO,64467.0
3134,1955,PhD,Widow,82907.6
3135,1979,Master,Married,72527.0
3136,1967,Basic,Single,46851.6
3137,1972,PhD,Married,49974.6
3138,1998,PhD,Divorced,62018.8
3139,1998,Graduation,Together,52723.5
3140,1987,Graduation,Married,64103.5
3141,1980,Master,Single,5393.6
3142,1952,Graduation,Married,87616.1
3143,1982,Graduation,Married,51220.6
3144,1984,Graduation,Widow,17550.7
3145,1964,Graduation,Together,31724.1
3146,1992,Graduation,Married,7413.5
3147,1981,Graduation,Married,28195.3
3148,1975,2n Cycle,Single,47155.0
3149,1966,PhD,Absurd,80294.3
3150,1977,Graduation,Married,58213.5
3151,1999,Graduation,Married,54657.2
3152,1946,Master,Married,27297.9
3153,1944,Graduation,Together,33510.3
3154,1982,Basic,Together,35061.4
3155,1984,Master,Together,35877.4
3156,1997,Master,Married,42969.3
3157,1996,Graduation,Married,44479.8
3158,1990,Master,Single,43218.4
3159,1970,Graduation,Together,36573.5
3160,1962,2n Cycle,Single,52701.1
3161,1981,PhD,Together,43711.7
3162,1949,Graduation,Divorced,18088.7
3163,1971,Graduation,Divorced,50687.6
3164,1982,Graduation,Married,47664.7
3165,1992,Master,Married,18407.5
3166,1969,Graduation,Single,38174.0
3167,1978,PhD,Together,61941.5
3168,1970,Graduation,Divorced,27271.0
3169,1957,Master,Married,25156.4
3170,1975,Basic,Married,43502.3
3171,1941,Master,Divorced,62458.6
3172,1953,Master,Divorced,86206.6
3173,1952,Graduation,Married,63178.7
3174,1968,Graduation,Together,71696.6
3175,1951,Master,Single,56934.0
3176,1978,Graduation,Single,36297.7
3177,1941,Graduation,Widow,63034.2
3178,1971,Graduation,Divorced,48287.8
3179,1952,Graduation,Together,57540.7
3180,1985,Graduation,Single,31079.4
3181,1966,Basic,Divorced,59328.9
3182,1988,Graduation,Married,47589.8
3183,1980,PhD,Married,54625.2
3184,1956,Graduation,Married,48298.5
3185,1979,Master,Single,44455.9
3186,1970,Graduation,Together,59693.8
3187,1973,Basic,Together,41878.2
3188,1999,Basic,Single,18226.2
3189,1963,Graduation,Single,12520.6
3190,1984,2n Cycle,Single,53688.3
3191,1974,2n Cycle,Single,41055.6
3192,1987,Basic,Together,15418.0
3193,1945,Basic,Divorced,52130.7
3194,1958,Graduation,Single,48122.5
3195,1969,PhD,Single,40007.7
3196,1946,Graduation,Together,54936.2
3197,1949,Graduation,Divorced,76301.9
3198,1980,2n Cycle,Married,75691.8
3199,1971,Graduation,Married,52875.3
3200,1973,Master,Together,48305.8
3201,1967,Basic,Married,53154.7
3202,1999,Basic,Single,56180.1
3203,1954,2n Cycle,Together,44634.0
3204,1969,Graduation,Together,53490.9
3205,1976,Graduation,Together,18527.4
3206,1968,Graduation,Together,51627.0
3207,1961,Graduation,Together,59536.3
3208,1943,Graduation,Married,40203.2
3209,1959,Graduation,Married,48090.5
3210,1971,Master,Single,27769.9
3211,1975,PhD,Single,24993.7
3212,1989,Graduation,Together,54216.3
3213,1943,Master,Divorced,35408.7
3214,1966,Graduation,Absurd,14463.5
3215,1956,Graduation,Together,27764.4
3216,1951,Master,Single,30672.4
3217,1961,PhD,Single,65491.6
3218,1956,Master,Divorced,53582.3
3219,1949,Graduation,Together,32568.0
3220,1993,Basic,Together,38244.7
3221,1940,PhD,Together,76241.7
3222,1961,PhD,Together,68722.0
3223,1965,PhD,Divorced,27638.8
3224,1995,Basic,Single,73270.5
3225,1998,PhD,Together,48387.4
3226,1957,PhD,Divorced,65992.2
3227,1989,2n Cycle,Married,46733.8
3228,1953,Master,Together,73716.6
3229,1986,Graduation,Married,26807.6
3230,1968,Master,Absurd,44891.0
3231,1951,Graduation,Single,74329.2
3232,1975,Graduation,Together,2147.8
3233,1998,PhD,Single,49078.8
3234,1974,2n Cycle,Together,42129.1
3235,1991,2n Cycle,Single,63693.2
3236,1951,Graduation,Married,71398.3
