ID,Marital_Status,Income
5524,Single,58138.0
2174,Single,46344.0
4141,Together,71613.0
6182,Together,26646.0
5324,Married,58293.0
1001,Divorced,82443.5
1002,Together,25269.6
1003,Together,63510.2
1004,Single,59437.2
1005,Married,32340.7
1006,Together,79337.5
1007,Together,60785.6
1008,Married,39845.3
1009,Widow,12811.7
1010,Single,54582.9
1011,Married,49105.1
1012,Together,29385.7
1013,Together,29127.7
1014,Together,67370.2
1015,Married,10886.1
1016,Single,56285.7
1017,Together,46251.3
1018,Together,
1019,Single,44113.9
1020,Together,55865.5
1021,Married,35144.5
1022,Together,49015.9
1023,Divorced,59781.7
1024,Single,53017.4
1025,Single,57606.1
1026,Together,31441.6
1027,Together,38186.5
1028,Together,38533.2
1029,Divorced,44470.2
1030,Divorced,77171.7
1031,Absurd,42916.4
1032,Married,27128.8
1033,Married,60832.9
1034,Married,76932.9
1035,Single,24775.8
1036,Together,89456.2
1037,Married,58303.5
1038,Widow,70677.8
1039,Together,79341.4
1040,Together,69452.4
1041,Married,47789.3
1042,Single,74354.0
1043,Single,55092.0
1044,Married,71809.7
1045,Single,73997.5
1046,Together,28182.1
1047,Divorced,65886.0
1048,Divorced,46362.2
1049,Together,52763.8
1050,Married,52541.9
1051,Divorced,51739.4
1052,Divorced,80470.5
1053,Single,22671.0
1054,Together,15553.1
1055,Married,11334.2
1056,Divorced,71382.9
1057,YOLO,34531.3
1058,Single,52643.7
1059,Divorced,47705.7
1060,Together,32272.5
1061,Absurd,67029.5
1062,Married,47450.7
1063,Divorced,45245.3
1064,Single,54657.4
1065,Married,64415.4
1066,Single,30820.5
1067,Absurd,67458.4
1068,Divorced,78997.1
1069,Divorced,21477.6
1070,Widow,55566.0
1071,Single,43901.6
1072,Married,63984.6
1073,Single,25666.8
1074,Married,82578.8
1075,Married,17842.1
1076,Married,45114.4
1077,Married,58685.9
1078,Single,36273.3
1079,Single,33132.0
1080,Single,54444.7
1081,Absurd,51555.2
1082,Together,50118.8
1083,Absurd,67173.8
1084,Married,42110.5
1085,Married,56391.9
1086,Together,39867.9
1087,Married,33013.4
1088,Married,44304.8
1089,Married,40024.7
1090,Single,41023.9
1091,Married,73306.5
1092,Married,44917.9
1093,Together,36741.9
1094,Single,50561.6
1095,Married,52084.6
1096,Divorced,26262.4
1097,Single,44031.9
1098,Married,43226.3
1099,Divorced,46557.1
1100,Single,64510.6
1101,Single,52733.4
1102,Married,74558.7
1103,Married,49766.8
1104,Together,85521.7
1105,Divorced,40784.5
1106,Single,34608.8
1107,Together,60946.1
1108,Married,77281.6
1109,Single,22423.9
1110,Together,46060.2
1111,Married,37784.4
1112,Married,52857.0
1113,Single,50200.4
1114,Married,76907.6
1115,Married,47831.9
1116,Divorced,77495.7
1117,Single,43698.0
1118,Married,68529.6
1119,Married,54573.3
1120,Together,84597.7
1121,Together,20459.7
1122,Together,26722.8
1123,Together,86632.4
1124,Divorced,35334.7
1125,Married,36603.9
1126,Married,32485.5
1127,Divorced,72968.9
1128,YOLO,24930.8
1129,Divorced,50449.0
1130,Married,44687.6
1131,Single,70730.3
1132,Married,38726.3
1133,Together,58305.5
1134,Married,
1135,Married,95478.8
1136,Divorced,45208.2
1137,Married,50175.3
1138,Divorced,83095.1
1139,Married,38266.5
1140,Married,83347.6
1141,Married,41770.6
1142,Together,63434.0
1143,Single,38546.4
1144,Single,22879.3
1145,Absurd,58291.9
1146,Single,62798.1
1147,Together,23682.3
1148,Together,43858.8
1149,Married,74015.2
1150,Together,62002.4
1151,Married,42095.7
1152,Together,38049.5
1153,Married,88964.9
1154,Together,21061.4
1155,Single,48816.0
1156,Together,20706.1
1157,Single,76296.3
1158,Married,49857.5
1159,Married,53563.5
1160,Single,105377.8
1161,Divorced,38130.5
1162,Married,84971.5
1163,Widow,42185.4
1164,Absurd,45329.8
1165,Together,102763.5
1166,Single,46778.2
1167,Married,22512.6
1168,Together,55638.4
1169,Married,46545.3
1170,Single,57341.9
1171,Together,47328.0
1172,Divorced,94310.9
1173,Together,61134.7
1174,Single,28500.7
1175,Together,52490.9
1176,Married,34007.4
1177,Married,45045.7
1178,Divorced,31791.2
1179,Married,92142.4
1180,Married,36172.3
1181,Single,63751.3
1182,Divorced,43530.4
1183,Together,26831.7
1184,Together,53953.0
1185,Together,58013.8
1186,Single,61172.5
1187,Married,0.0
1188,Married,25303.1
1189,Single,69151.1
1190,Married,31527.9
1191,Widow,54058.9
1192,Single,
1193,Married,64632.0
1194,Married,68625.4
1195,Married,64638.2
1196,Widow,70651.1
1197,Married,81278.0
1198,Married,26518.5
1199,Together,34226.6
1200,Single,67950.9
1201,Married,72604.4
1202,Married,36513.1
1203,Together,
1204,YOLO,36955.7
1205,Together,17898.1
1206,Married,24571.8
1207,Divorced,25054.1
1208,Single,44118.0
1209,Single,55416.7
1210,Married,58669.5
1211,Married,39828.8
1212,Married,40320.3
1213,Together,52473.2
1214,Widow,20079.7
1215,Married,69188.8
1216,Married,75707.7
1217,Single,37488.4
1218,Single,42031.3
1219,Together,74866.2
1220,Married,47539.0
1221,Divorced,61764.9
1222,Single,48153.9
1223,Single,81126.1
1224,Married,59801.6
1225,Married,60953.1
1226,Single,61326.1
1227,Together,38897.7
1228,Single,40735.2
1229,Together,65384.9
1230,Married,52528.3
1231,Single,26447.8
1232,Married,87462.1
1233,Divorced,69561.4
1234,Married,50752.5
1235,Together,44530.0
1236,Single,53973.5
1237,Together,60350.4
1238,Married,9340.0
1239,Together,92247.0
1240,Together,34202.3
1241,Widow,49961.9
1242,Married,50697.3
1243,Single,89937.0
1244,Single,48237.5
1245,Divorced,81770.1
1246,Married,58134.5
1247,Together,30762.3
1248,Married,52694.1
1249,Married,47629.8
1250,Single,28318.6
1251,Absurd,57154.5
1252,Together,50442.1
1253,Widow,61128.4
1254,Married,53867.1
1255,Together,36977.9
1256,Together,65366.7
1257,Married,37512.0
1258,Divorced,0.0
1259,Widow,52573.1
1260,Divorced,38918.5
1261,Together,57642.6
1262,Married,89977.4
1263,Married,90554.8
1264,Absurd,46697.5
1265,Single,33469.7
1266,Together,61693.7
1267,Together,42595.5
1268,Together,57835.5
1269,YOLO,36782.8
1270,Married,55013.8
1271,Married,33760.5
1272,Single,73685.1
1273,Married,38200.4
1274,Married,63222.1
1275,Married,24704.7
1276,Divorced,65623.5
1277,Widow,30672.3
1278,Single,55223.5
1279,Married,70464.0
1280,Widow,46000.3
1281,Single,29416.7
1282,Single,59936.3
1283,Single,33180.4
1284,Together,41915.1
1285,Single,55309.3
1286,Absurd,77213.5
1287,Married,50531.1
1288,Married,50457.2
1289,Married,64750.3
1290,Married,51007.4
1291,Together,62710.6
1292,Together,71570.7
1293,Together,43445.3
1294,Together,0.0
1295,Widow,33641.5
1296,Divorced,74173.6
1297,Together,49324.7
1298,Single,43217.4
1299,Single,73335.7
1300,Married,47973.5
1301,Together,8149.3
1302,Married,19894.0
1303,Married,58373.0
1304,Divorced,48662.2
1305,Divorced,79093.1
1306,Widow,35334.6
1307,Married,43810.0
1308,Together,32309.9
1309,Married,39588.1
1310,Single,12161.9
1311,Single,42286.3
1312,Married,48962.6
1313,Married,47273.4
1314,Divorced,92991.1
1315,Single,86669.7
1316,Together,34982.0
1317,Married,9121.3
1318,Married,48016.0
1319,Married,57530.2
1320,Married,32790.3
1321,Together,33780.5
1322,Married,81651.1
1323,Single,44849.0
1324,Single,63245.0
1325,Married,31393.9
1326,Widow,48861.2
1327,Married,43273.2
1328,Together,36492.5
1329,Together,73106.0
1330,Widow,22222.5
1331,Divorced,56001.1
1332,Together,42897.6
1333,Together,58296.5
1334,Divorced,43168.5
1335,Married,67343.9
1336,Married,31205.9
1337,Single,73151.1
1338,Divorced,49423.9
1339,Divorced,23429.9
1340,Single,63604.3
1341,Together,46023.0
1342,Married,15843.2
1343,Single,56649.4
1344,YOLO,70131.9
1345,Married,75642.7
1346,Single,42433.0
1347,Together,52906.4
1348,Together,51010.7
1349,Single,79796.1
1350,Together,33790.2
1351,Married,40706.8
1352,Single,33305.6
1353,Single,21017.0
1354,Together,54955.7
1355,Married,82026.0
1356,Widow,46030.3
1357,Divorced,32362.1
1358,YOLO,53737.2
1359,Married,61782.4
1360,Absurd,46872.7
1361,Married,78070.7
1362,Married,33752.8
1363,Single,44260.6
1364,Single,55919.8
1365,Together,57859.3
1366,Married,50944.6
1367,Married,24431.6
1368,Together,96760.2
1369,Married,45280.6
1370,Together,52205.4
1371,Married,62335.2
1372,Divorced,37269.9
1373,Divorced,51138.5
1374,Married,36456.2
1375,Married,58311.0
1376,Married,44479.5
1377,Divorced,55374.4
1378,Married,29069.3
1379,Married,33421.7
1380,Single,22697.2
1381,Married,35789.4
1382,Married,0.0
1383,Divorced,43858.0
1384,Married,39315.2
1385,Married,53018.2
1386,Divorced,50892.2
1387,Divorced,75141.6
1388,Married,101886.2
1389,Married,72750.8
1390,Married,40937.8
1391,Widow,40132.2
1392,Single,67373.3
1393,Widow,16333.1
1394,Together,43695.9
1395,Married,45236.9
1396,Single,61682.6
1397,Married,62277.3
1398,Married,35108.8
1399,Single,41712.5
1400,Together,58902.1
1401,Absurd,34021.6
1402,Together,74122.4
1403,Together,62183.5
1404,Single,53430.2
1405,Married,57818.8
1406,Single,40662.2
1407,Together,37474.2
1408,Widow,41505.6
1409,Together,59999.3
1410,Single,54020.3
1411,Married,41545.7
1412,Together,64991.6
1413,Married,46521.1
1414,Divorced,36133.8
1415,Divorced,55086.8
1416,Together,29739.4
1417,Married,16255.5
1418,Married,49897.9
1419,Single,36851.7
1420,Married,44916.9
1421,Married,30665.3
1422,Together,74178.6
1423,Together,36770.1
1424,Single,41360.0
1425,Married,57557.7
1426,Single,22467.7
1427,Single,20989.0
1428,Divorced,57619.1
1429,Single,41101.0
1430,Married,31970.1
1431,Single,62067.5
1432,Divorced,33761.6
1433,Together,44509.8
1434,Married,32077.4
1435,Married,56068.7
1436,Together,76641.5
1437,Absurd,12779.2
1438,Married,52253.2
1439,Divorced,67131.8
1440,Widow,41570.4
1441,Widow,27379.2
1442,Together,58419.3
1443,Together,70033.1
1444,Married,67810.4
1445,Together,57318.2
1446,Married,51958.3
1447,Together,32019.7
1448,Married,67304.9
1449,Together,66199.1
1450,Divorced,27238.8
1451,Single,57289.6
1452,Divorced,63056.5
1453,Married,67642.3
1454,Divorced,48500.2
1455,Married,32848.6
1456,Married,39957.7
1457,Widow,29855.0
1458,Married,48978.8
1459,Divorced,45062.3
1460,Married,92900.7
1461,Married,67893.5
1462,Married,69391.0
1463,Together,59427.0
1464,Married,42653.6
1465,Single,44492.2
1466,Married,46322.6
1467,Single,53764.7
1468,Absurd,57783.4
1469,Absurd,50014.2
1470,Married,44188.0
1471,Together,38117.7
1472,Married,22147.0
1473,Together,75667.6
1474,Divorced,94110.6
1475,Widow,73986.7
1476,Married,24818.7
1477,Together,65740.3
1478,Married,70475.5
1479,YOLO,41931.2
1480,Single,59778.5
1481,Together,40873.9
1482,Together,80578.6
1483,Together,57307.4
1484,Single,31656.9
1485,Widow,63396.2
1486,Single,71175.6
1487,Together,53962.6
1488,Married,59588.8
1489,Married,48604.9
1490,Married,27314.4
1491,Married,46965.3
1492,Single,60460.8
1493,Single,47439.5
1494,Married,66015.3
1495,Together,42156.4
1496,Divorced,43468.2
1497,Single,66622.4
1498,Married,54437.1
1499,Single,41765.6
1500,Single,70676.1
1501,Together,36225.3
1502,Together,35461.0
1503,Single,0.0
1504,Married,38920.6
1505,Single,76174.3
1506,Divorced,8554.1
1507,Absurd,30961.6
1508,Single,58781.4
1509,Married,5102.7
1510,Divorced,39786.0
1511,Widow,72817.3
1512,Married,90860.5
1513,Single,55804.9
1514,Single,31470.7
1515,Together,30797.4
1516,Married,52898.2
1517,Single,55619.3
1518,Together,87158.6
1519,Single,69416.1
1520,Together,51682.1
1521,Married,43295.9
1522,Single,110294.2
1523,Together,62531.9
1524,Married,36625.0
1525,Absurd,45507.5
1526,Married,32450.9
1527,Married,1909.0
1528,Together,56253.0
1529,Married,85649.1
1530,Widow,17388.9
1531,Married,51105.3
1532,Married,35861.9
1533,Single,60430.1
1534,Married,46553.4
1535,Divorced,22798.9
1536,Divorced,30377.9
1537,Married,33394.0
1538,Married,76886.4
1539,Divorced,75865.2
1540,Widow,43773.0
1541,Single,74556.1
1542,Married,46536.3
1543,Married,43466.7
1544,Divorced,51142.4
1545,Single,55696.5
1546,Married,38891.1
1547,Together,50437.3
1548,Single,65746.5
1549,Married,52590.8
1550,Married,50855.7
1551,Married,59883.6
1552,Married,63334.1
1553,Married,48747.7
1554,Single,40516.4
1555,Together,53784.1
1556,Divorced,18120.7
1557,Together,45793.6
1558,Single,568.8
1559,Single,16484.2
1560,Married,13476.3
1561,Married,70947.0
1562,Married,50279.6
1563,Together,24759.0
1564,Single,59821.3
1565,Single,69773.1
1566,Married,60169.7
1567,Together,46225.8
1568,Single,54649.7
1569,Together,68029.9
1570,Married,40615.1
1571,Divorced,50597.3
1572,Divorced,44856.1
1573,Married,17731.7
1574,Married,68331.4
1575,Married,91145.4
1576,Married,32524.1
1577,Together,69253.6
1578,Divorced,33160.1
1579,Together,52655.8
1580,Divorced,80160.2
1581,Married,39591.2
1582,Single,49706.3
1583,Together,13969.9
1584,Married,36715.9
1585,Together,11874.6
1586,Married,58583.6
1587,Single,66632.8
1588,YOLO,45567.3
1589,Single,55717.7
1590,YOLO,43485.4
1591,Absurd,64810.9
1592,Together,52589.2
1593,Together,10286.7
1594,Together,68799.6
1595,Divorced,42209.1
1596,Married,24592.4
1597,Married,41221.3
1598,Together,11958.6
1599,Married,25002.2
1600,Married,52859.0
1601,Married,54534.2
1602,Together,56128.8
1603,Divorced,50064.2
1604,Married,36142.7
1605,Widow,48910.8
1606,Together,41255.9
1607,Divorced,17484.4
1608,Together,34551.7
1609,Together,67790.8
1610,Single,81765.9
1611,Divorced,63025.5
1612,Single,80874.0
1613,Divorced,51707.8
1614,YOLO,84847.5
1615,Married,91089.8
1616,Married,15330.6
1617,Together,54429.9
1618,Married,51728.6
1619,Divorced,41517.9
1620,Single,59838.3
1621,Single,50822.5
1622,Absurd,35291.0
1623,Together,49467.9
1624,Divorced,74091.9
1625,Married,53650.8
1626,Together,62539.1
1627,Together,44458.9
1628,Together,59041.3
1629,Together,25815.7
1630,Together,40005.6
1631,Married,47946.6
1632,Married,24473.3
1633,Together,33395.7
1634,Married,56262.2
1635,Together,52596.6
1636,Married,66127.3
1637,Together,37989.8
1638,Together,51152.0
1639,Married,36562.7
1640,Single,64122.6
1641,Single,73814.9
1642,Together,59666.5
1643,Divorced,71223.9
1644,Single,50650.0
1645,Together,66111.9
1646,Married,51508.4
1647,Married,29501.4
1648,Widow,54934.4
1649,Married,30094.1
1650,Married,96782.6
1651,Single,43318.2
1652,Single,62900.8
1653,Married,49751.7
1654,Single,25327.7
1655,Together,12029.5
1656,Married,64980.3
1657,Married,80986.8
1658,Single,35303.9
1659,Married,16866.1
1660,Together,43496.7
1661,Absurd,31257.7
1662,Single,36993.7
1663,Divorced,62207.5
1664,Together,48990.7
1665,Together,33409.8
1666,Married,61770.0
1667,Single,63337.4
1668,Single,43258.9
1669,Together,52758.3
1670,Married,60410.0
1671,Widow,58522.1
1672,Married,50812.3
1673,Single,78651.7
1674,Together,61653.6
1675,Married,40986.4
1676,Married,41106.6
1677,Together,38838.3
1678,Widow,62642.4
1679,Together,37545.0
1680,Together,41502.0
1681,Together,71160.4
1682,Widow,53832.6
1683,Married,73970.7
1684,Single,65961.2
1685,Married,26466.6
1686,Married,47957.3
1687,Together,69799.0
1688,Together,25556.5
1689,Together,58394.2
1690,Single,49215.3
1691,Together,14904.2
1692,Married,52393.2
1693,Together,33250.6
1694,Together,26647.0
1695,Married,50182.8
1696,Single,11382.9
1697,Single,36514.2
1698,Divorced,101023.5
1699,Widow,63004.4
1700,Together,32371.5
1701,Single,78083.3
1702,Married,30159.1
1703,Together,38926.1
1704,Together,27023.0
1705,Single,55121.6
1706,Single,77372.6
1707,Together,30019.9
1708,Married,8791.1
1709,Married,71819.3
1710,Single,81076.0
1711,Married,10098.4
1712,Divorced,59201.1
1713,Absurd,54530.1
1714,Together,34250.5
1715,Married,22112.9
1716,Single,69835.0
1717,Married,53581.4
1718,Married,55088.5
1719,Together,37564.6
1720,Married,33961.8
1721,Married,900.5
1722,Single,45439.4
1723,Married,78776.5
1724,Single,32194.9
1725,Single,19551.7
1726,YOLO,58713.3
1727,Married,62401.6
1728,Married,38281.9
1729,Divorced,43024.7
1730,YOLO,55278.1
1731,Together,46889.0
1732,Divorced,70002.6
1733,Married,98744.9
1734,Married,15816.7
1735,Married,74595.1
1736,Together,52105.2
1737,Together,77764.0
1738,Married,64487.1
1739,Single,51223.1
1740,Together,65200.5
1741,Single,42116.9
1742,Together,34514.0
1743,Together,66217.3
1744,Together,33113.4
1745,Together,62847.5
1746,Divorced,50615.0
1747,Married,3411.2
1748,Together,38512.4
1749,Together,56696.8
1750,Single,41880.0
1751,Single,0.0
1752,Married,76415.0
1753,Married,53387.5
1754,Together,58874.8
1755,Divorced,40534.5
1756,Single,60629.8
1757,Single,86696.4
1758,Absurd,35298.5
1759,Single,83340.3
1760,Married,57971.3
1761,Together,32611.3
1762,Married,94247.8
1763,Single,57832.8
1764,Single,63529.6
1765,Single,44613.0
1766,Together,34073.5
1767,Married,53356.3
1768,Married,81629.3
1769,Together,43806.8
1770,Divorced,49465.0
1771,Single,79126.6
1772,Married,43993.5
1773,Together,60205.5
1774,Married,67547.0
1775,Married,46064.4
1776,Together,56196.8
1777,Divorced,63222.1
1778,Divorced,41981.7
1779,Together,66315.3
1780,Together,39060.3
1781,Married,36498.2
1782,Together,19459.2
1783,Married,39930.8
1784,Single,33689.9
1785,Together,41982.5
1786,Together,62239.9
1787,Married,15486.5
1788,Widow,10506.6
1789,Single,35018.4
1790,Married,59224.6
1791,Single,55777.3
1792,Together,34698.8
1793,Together,73388.2
1794,Married,36831.8
1795,Together,59249.1
1796,Married,42744.3
1797,Together,32624.5
1798,Married,37898.7
1799,Married,64680.0
1800,Widow,57220.5
1801,Married,69362.1
1802,Single,57219.7
1803,Together,17776.6
1804,Absurd,92288.3
1805,Married,57503.4
1806,Single,60293.4
1807,Married,42463.2
1808,Married,72263.6
1809,Single,28137.8
1810,Together,62196.6
1811,YOLO,8407.3
1812,Married,63544.2
1813,Married,28409.0
1814,Married,55539.9
1815,Single,77146.8
1816,Divorced,66454.3
1817,Married,74487.6
1818,Married,72417.0
1819,Together,39514.3
1820,Married,61966.6
1821,Together,15501.7
1822,Single,36261.3
1823,Divorced,77853.1
1824,Widow,42299.3
1825,Together,12640.0
1826,Absurd,90274.0
1827,Single,61245.0
1828,Married,65289.6
1829,Together,30390.6
1830,Together,55681.1
1831,Married,55151.5
1832,Married,33570.3
1833,Single,46603.6
1834,Married,19990.6
1835,Single,43065.8
1836,Together,69476.9
1837,Married,
1838,Single,88146.0
1839,Together,21278.2
1840,Together,
1841,Divorced,36871.4
1842,Together,46396.4
1843,Married,77429.5
1844,Divorced,30310.9
1845,Married,40974.6
1846,Single,63090.1
1847,Together,51863.2
1848,Widow,53503.5
1849,Married,30694.5
1850,Married,48568.3
1851,Single,72631.6
1852,Single,17809.6
1853,Married,36053.8
1854,Together,13689.2
1855,Single,60739.5
1856,Widow,74509.4
1857,Together,46331.8
1858,Together,29889.6
1859,Divorced,30475.1
1860,Single,44058.9
1861,Married,43982.6
1862,Together,68236.6
1863,Divorced,36622.5
1864,Together,58701.6
1865,Married,43890.6
1866,Widow,35104.9
1867,Single,43392.5
1868,Divorced,56730.8
1869,Absurd,68298.7
1870,Single,44960.5
1871,Together,25921.2
1872,Single,69994.3
1873,Married,32036.6
1874,Married,55216.5
1875,Together,
1876,Widow,46828.6
1877,Together,40260.5
1878,Married,62403.0
1879,Divorced,0.0
1880,Absurd,72729.4
1881,Single,31749.8
1882,YOLO,58159.1
1883,Single,57100.5
1884,Divorced,75499.5
1885,Married,53955.0
1886,Single,33417.8
1887,Married,17904.9
1888,Together,43023.9
1889,Married,10836.5
1890,Single,37430.3
1891,Together,44147.4
1892,Widow,36201.7
1893,Married,50835.5
1894,Married,45277.9
1895,Married,43446.3
1896,Single,1517.0
1897,Divorced,24105.9
1898,Divorced,62853.1
1899,Together,66085.1
1900,Married,13224.5
1901,Together,33705.6
1902,Together,71439.3
1903,Divorced,35639.2
1904,Together,47770.2
1905,Together,78836.1
1906,Together,42768.5
1907,Married,39905.6
1908,Absurd,46859.3
1909,Married,87068.2
1910,Together,58924.0
1911,Married,50381.6
1912,Together,39512.8
1913,Together,60776.3
1914,Single,63194.0
1915,Single,28536.4
1916,Together,63732.6
1917,Together,46977.0
1918,Married,50496.0
1919,Married,32314.2
1920,Together,42000.4
1921,Single,29397.2
1922,Married,28435.6
1923,Single,57541.8
1924,Single,42897.7
1925,Married,24007.2
1926,Married,93541.1
1927,Single,27506.9
1928,Married,71842.1
1929,Married,20470.7
1930,Married,59130.0
1931,Married,44988.8
1932,Divorced,37418.9
1933,Single,53934.8
1934,Married,51245.2
1935,Single,33750.7
1936,Single,32845.2
1937,Together,18521.7
1938,Together,56111.3
1939,Divorced,24923.9
1940,Together,50079.5
1941,Absurd,61849.6
1942,Single,54161.1
1943,Single,35537.4
1944,Single,68176.2
1945,Single,41840.6
1946,Married,23316.8
1947,Together,44325.4
1948,Single,61735.9
1949,Widow,36511.7
1950,Divorced,67563.6
1951,Married,34593.5
1952,Single,37315.7
1953,Single,29078.4
1954,Single,63674.2
1955,Single,48935.1
1956,Married,30404.8
1957,Married,42075.8
1958,Married,0.0
1959,YOLO,65559.4
1960,Together,46585.1
1961,Widow,1875.2
1962,Single,20866.4
1963,Married,41568.1
1964,Together,23716.6
1965,Single,65867.0
1966,Single,58371.5
1967,Together,57190.7
1968,Together,0.0
1969,Married,39490.8
1970,Married,36047.7
1971,Married,30918.9
1972,Single,41696.5
1973,Married,27475.2
1974,Single,54304.4
1975,Single,65331.0
1976,Absurd,63607.7
1977,Together,47241.8
1978,Together,89984.8
1979,Married,72799.5
1980,Married,47968.8
1981,Married,40354.6
1982,Single,76760.5
1983,Single,70151.6
1984,Together,21791.5
1985,Together,71716.4
1986,Married,46912.5
1987,Married,32781.8
1988,Widow,10415.9
1989,Single,44621.7
1990,Married,49755.4
1991,Married,81746.6
1992,Together,69144.7
1993,YOLO,38342.3
1994,Married,57786.8
1995,Divorced,66525.0
1996,Divorced,51719.1
1997,Married,38256.9
1998,Married,39356.6
1999,Married,57709.5
2000,Absurd,58259.6
2001,Single,
2002,Together,0.0
2003,Married,24189.5
2004,Together,62393.8
2005,Married,7383.2
2006,Together,73683.6
2007,Divorced,70723.1
2008,Divorced,50821.9
2009,Divorced,61958.6
2010,Single,60575.5
2011,Together,47662.5
2012,Single,22522.2
2013,Married,69345.5
2014,Married,78144.6
2015,Married,25828.2
2016,Married,21774.9
2017,YOLO,47264.1
2018,Single,37475.5
2019,Together,52899.0
2020,Married,74159.9
2021,Single,5086.6
2022,Single,81625.4
2023,Widow,41866.6
2024,Divorced,60235.6
2025,Widow,62374.5
2026,YOLO,64706.8
2027,Married,51238.2
2028,Married,
2029,Together,55780.4
2030,Married,37394.3
2031,Married,14838.9
2032,Married,25616.3
2033,Together,47915.2
2034,Together,34263.9
2035,Single,34310.1
2036,Married,85985.0
2037,Together,67177.9
2038,Together,44958.5
2039,Married,63440.7
2040,Together,41594.6
2041,Single,52214.5
2042,Married,58832.6
2043,Together,41647.9
2044,Together,36295.0
2045,Married,74478.6
2046,Together,62282.3
2047,Together,4907.8
2048,Together,36637.3
2049,Together,34374.6
2050,Together,37577.2
2051,Married,67248.0
2052,Single,50384.1
2053,Married,22207.4
2054,Married,42335.7
2055,Together,60834.8
2056,Married,45607.1
2057,Married,37106.5
2058,Single,56624.4
2059,Married,82363.8
2060,Married,59228.5
2061,Together,76018.8
2062,Single,38447.7
2063,Together,49832.8
2064,Widow,49429.0
2065,Single,52373.6
2066,Married,58810.4
2067,Single,31620.6
2068,Together,62946.7
2069,Together,17442.3
2070,Married,23284.9
2071,Married,92712.5
2072,Divorced,39797.6
2073,Single,64590.4
2074,Single,83965.8
2075,Divorced,3710.9
2076,Together,72524.9
2077,Divorced,62978.9
2078,Together,82807.9
2079,Divorced,26369.5
2080,Married,79025.1
2081,Together,35211.7
2082,Widow,71095.6
2083,Together,49279.6
2084,Single,65415.4
2085,Married,50977.4
2086,Single,13212.0
2087,Married,0.0
2088,Married,54198.3
2089,Together,44725.3
2090,Together,57964.4
2091,Married,44956.9
2092,Together,90361.5
2093,Single,54610.7
2094,Single,41061.0
2095,Single,56747.3
2096,Married,41426.5
2097,Married,51858.6
2098,Married,25650.4
2099,Married,49828.3
2100,Divorced,40443.0
2101,Single,27545.3
2102,Together,89514.7
2103,Together,28325.3
2104,Together,50139.3
2105,Widow,33943.8
2106,Single,55940.8
2107,Single,24512.3
2108,Divorced,66807.1
2109,Married,90723.1
2110,Together,33209.2
2111,Together,74339.4
2112,Together,42362.4
2113,Widow,
2114,YOLO,93770.0
2115,Together,45325.9
2116,Married,19594.7
2117,Divorced,68961.7
2118,Single,54488.3
2119,Married,60035.8
2120,Divorced,43203.1
2121,Married,32310.1
2122,Married,73207.0
2123,Single,56395.8
2124,Divorced,21128.9
2125,Married,63737.5
2126,Together,59723.4
2127,Married,43494.0
2128,Together,82396.3
2129,Together,37636.5
2130,Married,46620.3
2131,Married,65373.0
2132,Married,
2133,Absurd,22311.5
2134,Together,53676.0
2135,Widow,41712.2
2136,Married,67139.9
2137,Together,53024.4
2138,Together,51890.2
2139,Together,29035.0
2140,Absurd,45399.5
2141,Married,69402.0
2142,Single,34469.3
2143,Together,49349.0
2144,Together,31271.1
2145,Together,26323.1
2146,Married,48302.8
2147,Married,53476.0
2148,Married,89877.3
2149,Married,40890.8
2150,Together,48996.6
2151,Together,24998.5
2152,Married,62244.8
2153,Married,57961.9
2154,Married,79767.9
2155,Single,72232.4
2156,Together,57028.1
2157,Widow,40598.6
2158,Married,54093.4
2159,Together,47779.7
2160,Divorced,69068.0
2161,Divorced,66524.6
2162,Single,44071.7
2163,Absurd,20760.1
2164,Married,76667.7
2165,Married,61637.5
2166,Single,43610.2
2167,Married,60857.5
2168,Single,51497.2
2169,Married,76372.4
2170,Married,11404.4
2171,Divorced,42056.2
2172,Divorced,81981.1
2173,Married,61264.0
2175,Divorced,85452.1
2176,Divorced,25563.9
2177,Together,71443.9
2178,Single,70244.5
2179,Together,16365.4
2180,Widow,44090.0
2181,Together,47869.4
2182,Married,17608.9
2183,Married,44508.0
2184,Together,67463.7
2185,Married,42181.5
2186,Single,54842.7
2187,Married,54987.4
2188,Divorced,49757.1
2189,Divorced,35896.4
2190,Single,63176.3
2191,Absurd,18259.3
2192,Married,50171.8
2193,Together,77709.7
2194,Together,41052.5
2195,Divorced,35453.6
2196,Widow,64510.3
2197,Married,53268.6
2198,Divorced,64908.9
2199,Single,50770.0
2200,Together,2234.2
2201,Together,73598.3
2202,Together,91400.5
2203,Married,75680.8
2204,Divorced,0.0
2205,Single,59021.8
2206,Single,40665.1
2207,Together,28315.1
2208,Married,52454.6
2209,Divorced,47021.1
2210,Married,60173.2
2211,Single,51131.6
2212,Divorced,27583.8
2213,Married,38468.0
2214,Single,35240.8
2215,Together,15670.3
2216,Married,22567.1
2217,Together,45778.6
2218,Married,78475.1
2219,Divorced,39288.9
2220,Divorced,34851.4
2221,Together,26374.3
2222,Single,50610.7
2223,Divorced,73585.2
2224,Together,90053.7
2225,Together,55708.0
2226,Married,52799.9
2227,Divorced,39130.5
2228,Together,42468.7
2229,Single,62583.5
2230,Married,43702.5
2231,Divorced,46754.4
2232,Single,49493.1
2233,Absurd,38183.4
2234,Together,48500.4
2235,Together,9611.9
2236,Married,60976.7
2237,Married,97035.4
2238,Widow,38959.1
2239,Married,57476.7
2240,Together,67031.5
2241,Married,75604.3
2242,Single,44713.6
2243,Single,13933.7
2244,Married,55344.6
2245,Absurd,52572.6
2246,Married,43086.7
2247,Married,47329.8
2248,Married,52873.6
2249,Married,57235.2
2250,Married,56396.2
2251,Divorced,45646.3
2252,Married,57685.6
2253,Married,
2254,Single,62840.5
2255,YOLO,37451.1
2256,Married,51461.2
2257,Single,17525.2
2258,Together,42601.8
2259,Together,61349.8
2260,Married,29325.3
2261,Married,43598.0
2262,Together,1898.6
2263,Single,22638.5
2264,Divorced,27870.5
2265,Together,52035.0
2266,Married,56668.2
2267,Married,48878.9
2268,Married,42348.1
2269,Together,42418.0
2270,Married,64320.9
2271,Married,54256.4
2272,Together,43321.1
2273,YOLO,75866.0
2274,Married,88999.5
2275,Widow,25085.2
2276,Married,60450.2
2277,Single,111797.8
2278,Married,55604.1
2279,Married,52308.9
2280,Married,48885.3
2281,Single,59803.6
2282,Widow,65098.0
2283,Divorced,25104.7
2284,Together,49470.3
2285,Single,4610.0
2286,Single,45813.7
2287,Single,31946.2
2288,Together,56783.6
2289,Widow,16872.4
2290,Married,39753.7
2291,Single,69330.9
2292,Married,36473.3
2293,Married,11901.3
2294,Married,55150.7
2295,Together,38269.4
2296,Together,46282.3
2297,Single,35402.6
2298,Single,89487.9
2299,YOLO,18838.5
2300,Married,106669.9
2301,Single,42187.3
2302,Single,53668.9
2303,Single,38504.1
2304,Married,37667.3
2305,Divorced,34303.4
2306,Married,62025.2
2307,Married,21784.0
2308,Together,57282.2
2309,Married,6310.1
2310,Divorced,55470.6
2311,Divorced,66982.9
2312,Single,24509.6
2313,Together,63574.9
2314,Married,51027.7
2315,YOLO,81968.5
2316,Married,32895.9
2317,YOLO,
2318,Together,2184.4
2319,Married,43409.9
2320,Married,16028.6
2321,YOLO,87021.1
2322,Divorced,44766.0
2323,Single,46566.3
2324,Together,58864.8
2325,Married,49903.9
2326,Single,38124.8
2327,Married,24867.1
2328,Married,53370.3
2329,Divorced,57576.7
2330,Married,63907.5
2331,Divorced,88254.5
2332,Single,6524.6
2333,Married,48645.7
2334,Married,73834.8
2335,Married,47509.6
2336,Single,3236.6
2337,Single,24179.2
2338,Together,56571.4
2339,Married,55843.9
2340,Married,63450.4
2341,Married,34379.8
2342,Divorced,55197.7
2343,Widow,31082.7
2344,Married,55199.2
2345,Married,51064.2
2346,Single,33582.8
2347,Absurd,81163.7
2348,Single,15887.3
2349,Married,47167.6
2350,Married,33141.9
2351,Married,86684.0
2352,Single,61968.0
2353,Together,37013.8
2354,Single,44405.7
2355,Together,87225.1
2356,Single,31074.5
2357,Single,14711.0
2358,Widow,55820.1
2359,Single,56272.8
2360,Divorced,63320.7
2361,Married,63452.5
2362,Single,85414.1
2363,Absurd,15637.3
2364,Married,25943.9
2365,Divorced,63244.1
2366,Single,27887.5
2367,Divorced,20868.2
2368,Single,87316.9
2369,Married,17601.2
2370,Together,42974.6
2371,Widow,48812.7
2372,Widow,76182.7
2373,Divorced,12623.9
2374,Divorced,58309.5
2375,Single,32192.5
2376,Married,62552.2
2377,Married,31863.8
2378,Married,81446.1
2379,Married,31980.6
2380,Married,760.4
2381,Single,34223.0
2382,Together,44774.0
2383,Single,71647.1
2384,Married,24831.7
2385,Married,25227.1
2386,Together,69211.6
2387,Together,22495.5
2388,Together,46420.3
2389,Single,
2390,Married,54351.6
2391,Single,35003.0
2392,Married,31460.1
2393,Married,56697.9
2394,Single,32080.1
2395,Married,22800.6
2396,Absurd,74556.0
2397,Absurd,59761.9
2398,Married,85350.0
2399,Single,65679.4
2400,Single,24637.1
2401,Married,51927.4
2402,Widow,29687.4
2403,Single,16967.8
2404,Together,41056.0
2405,Single,69630.7
2406,YOLO,55498.3
2407,Married,22182.1
2408,Together,40353.2
2409,Married,47142.7
2410,Together,16217.8
2411,Single,64263.4
2412,Single,45425.3
2413,Widow,22188.1
2414,Widow,21056.5
2415,Divorced,72013.3
2416,Together,42383.7
2417,Divorced,73807.0
2418,Single,81443.1
2419,Married,70449.0
2420,Married,39331.4
2421,Together,43.1
2422,Married,56259.9
2423,Single,91831.5
2424,Together,49292.2
2425,Divorced,10203.7
2426,Married,36502.4
2427,Single,46325.3
2428,Single,28040.2
2429,Married,0.0
2430,Married,48043.0
2431,Together,34302.5
2432,Together,85453.8
2433,Together,52020.7
2434,Married,59391.6
2435,Divorced,47618.3
2436,Married,51874.7
2437,Married,16954.0
2438,Divorced,29196.7
2439,Single,71772.3
2440,Single,54189.2
2441,Divorced,42029.9
2442,Married,59723.4
2443,Together,60117.2
2444,Single,89817.9
2445,Together,53261.3
2446,Married,28749.8
2447,Single,47686.1
2448,Together,62151.3
2449,Married,69913.2
2450,Married,17699.4
2451,Single,55074.1
2452,Single,32054.9
2453,Married,38667.4
2454,Single,66916.8
2455,Widow,64925.0
2456,Single,36437.0
2457,Married,46843.2
2458,Single,39278.4
2459,Married,107834.1
2460,Widow,55567.2
2461,Single,33210.4
2462,Absurd,76443.3
2463,Married,77149.2
2464,Together,85833.4
2465,Married,91759.9
2466,Divorced,64154.3
2467,Together,43003.0
2468,Married,45947.7
2469,Single,44158.5
2470,Single,41924.9
2471,Widow,74798.7
2472,Married,50014.4
2473,Married,69428.4
2474,Together,63530.3
2475,Married,
2476,Absurd,15656.5
2477,Together,25266.7
2478,Together,41465.9
2479,Divorced,52686.6
2480,Single,37034.0
2481,Married,64061.3
2482,Married,39446.3
2483,Married,55139.1
2484,Together,52351.6
2485,Widow,84688.7
2486,Married,30495.2
2487,Married,94168.4
2488,Absurd,38113.0
2489,Married,23198.9
2490,Married,45661.7
2491,Married,114802.8
2492,Widow,67904.1
2493,Together,62059.3
2494,Together,
2495,Divorced,34608.1
2496,Married,56520.9
2497,Married,50050.0
2498,Divorced,86181.3
2499,Married,47826.2
2500,Together,42434.5
2501,Widow,26704.0
2502,Together,52800.3
2503,Together,55859.0
2504,Divorced,25968.2
2505,Divorced,59063.3
2506,Married,54663.6
2507,Single,70268.9
2508,Married,74247.4
2509,Together,51885.6
2510,Married,29272.7
2511,Together,33387.6
2512,Married,85242.6
2513,Together,53309.8
2514,Single,84923.1
2515,Together,59972.1
2516,Married,65074.7
2517,Married,68774.5
2518,Married,25537.2
2519,Together,56139.0
2520,Married,25260.0
2521,Married,44301.8
2522,Absurd,62803.4
2523,Together,29493.3
2524,Absurd,61186.7
2525,Married,20032.6
2526,Married,72866.4
2527,Divorced,36711.3
2528,Married,29457.7
2529,Together,21292.9
2530,Married,38412.9
2531,Married,11847.8
2532,Single,39032.0
2533,Married,71989.7
2534,Single,46225.8
2535,Single,26449.6
2536,Absurd,54525.3
2537,Married,52757.9
2538,Together,89132.2
2539,Divorced,65814.4
2540,Together,56112.0
2541,Single,68101.3
2542,Together,47312.4
2543,Together,48491.7
2544,Together,83178.8
2545,Together,17288.4
2546,Absurd,69358.9
2547,Together,47784.2
2548,Married,44170.2
2549,Together,38942.1
2550,Single,53073.5
2551,Divorced,49129.4
2552,Single,41706.0
2553,Married,35946.8
2554,Divorced,11893.4
2555,Together,35523.9
2556,Married,39754.1
2557,Married,53024.6
2558,Divorced,89261.7
2559,Married,37680.9
2560,Divorced,29525.4
2561,Single,35710.1
2562,Together,53066.9
2563,Divorced,61772.7
2564,Single,64566.9
2565,Married,66554.2
2566,Single,69384.6
2567,Together,44422.3
2568,Married,91062.8
2569,Together,42904.6
2570,Single,52186.8
2571,Married,75916.5
2572,Single,61328.5
2573,Married,5183.1
2574,Together,50112.7
2575,Divorced,67239.3
2576,Together,23130.6
2577,Married,65013.9
2578,Absurd,57803.1
2579,Together,73678.4
2580,Widow,36161.4
2581,Married,69917.9
2582,Married,53192.2
2583,Single,85321.0
2584,Together,105721.0
2585,Single,80766.6
2586,Married,59610.4
2587,Married,96420.1
2588,Together,62069.6
2589,Together,31841.1
2590,Single,49214.5
2591,Married,65233.4
2592,Together,66519.1
2593,Absurd,27494.7
2594,Together,28129.4
2595,Widow,43173.8
2596,Together,60690.9
2597,Together,63251.3
2598,Single,52826.1
2599,Together,33311.4
2600,Together,84738.9
2601,Together,28558.8
2602,Married,76046.8
2603,Married,64776.5
2604,Married,75606.6
2605,Married,41111.3
2606,Single,47146.9
2607,Divorced,51100.9
2608,Single,40472.0
2609,Single,54505.2
2610,Married,81581.8
2611,Together,24063.3
2612,Married,36855.8
2613,Married,34685.1
2614,Together,48111.6
2615,Married,47289.5
2616,Widow,65446.3
2617,Widow,50674.5
2618,Married,56057.7
2619,Married,57969.0
2620,Together,54908.1
2621,Single,64066.3
2622,Married,47553.5
2623,Married,82927.4
2624,Widow,100832.4
2625,Single,64124.6
2626,Together,54559.8
2627,Together,62491.6
2628,Married,27979.3
2629,Single,53602.1
2630,Absurd,35373.5
2631,Married,60199.5
2632,Together,35472.8
2633,Married,43104.5
2634,Married,12560.6
2635,Married,26535.1
2636,Single,57097.5
2637,Single,32623.1
2638,Divorced,71275.5
2639,Married,30922.2
2640,Single,59065.1
2641,Married,34762.5
2642,Together,57709.4
2643,Single,19304.3
2644,Together,40936.3
2645,Single,33075.7
2646,Single,67664.7
2647,Single,59245.2
2648,Divorced,25348.5
2649,Single,45936.4
2650,Single,34553.6
2651,Married,69005.1
2652,Divorced,75430.5
2653,Married,21167.1
2654,Married,66534.1
2655,Single,
2656,Married,44941.7
2657,Together,50645.1
2658,Together,86332.1
2659,Married,29923.0
2660,Married,66695.0
2661,Single,26569.9
2662,Married,25188.1
2663,Single,50569.3
2664,Together,50434.6
2665,Absurd,0.0
2666,Absurd,73191.9
2667,Divorced,7217.7
2668,Together,47081.3
2669,Together,76552.3
2670,Married,94183.7
2671,Together,42739.0
2672,Married,21341.0
2673,Married,75811.0
2674,Together,67303.1
2675,Married,40220.2
2676,Married,37685.3
2677,Widow,35652.2
2678,Single,43108.3
2679,Married,56321.4
2680,Widow,38679.7
2681,Together,41208.4
2682,Married,62825.6
2683,Married,20351.7
2684,Married,42481.3
2685,Divorced,16481.2
2686,Together,52168.2
2687,Married,11211.9
2688,Single,67800.2
2689,Single,23707.3
2690,Absurd,14548.4
2691,Married,42727.7
2692,Together,84222.1
2693,Single,64223.8
2694,Together,11553.7
2695,Widow,23137.5
2696,Together,42088.0
2697,Single,94767.1
2698,Together,31220.9
2699,Together,31382.3
2700,Married,80548.6
2701,Divorced,53898.1
2702,Together,71060.0
2703,Divorced,35458.0
2704,Together,47967.3
2705,Single,76312.6
2706,Married,47103.2
2707,Married,72461.1
2708,Widow,57745.3
2709,Together,29207.4
2710,Together,49673.7
2711,Married,69627.7
2712,Single,63388.3
2713,Together,49194.9
2714,Married,12165.7
2715,Married,14080.2
2716,Together,18333.9
2717,Single,39791.2
2718,Married,42457.6
2719,Married,20491.8
2720,Single,70450.3
2721,YOLO,24724.6
2722,Married,22588.8
2723,Single,51764.7
2724,Married,69478.1
2725,Together,91097.1
2726,Married,61650.9
2727,Together,81596.6
2728,Single,25758.9
2729,Single,93194.8
2730,Married,12770.3
2731,Divorced,39923.2
2732,Divorced,61213.1
2733,Single,17895.7
2734,Married,31459.0
2735,Widow,28281.5
2736,Married,43795.6
2737,Divorced,78431.7
2738,Single,50336.5
2739,Widow,40738.7
2740,Together,0.0
2741,Widow,59335.1
2742,Together,65800.3
2743,Married,15999.6
2744,Widow,48660.6
2745,Married,53860.2
2746,Married,69292.0
2747,Together,35504.6
2748,Together,32492.8
2749,Widow,40870.1
2750,Married,75688.7
2751,Together,70876.9
2752,Together,49573.1
2753,Single,70395.5
2754,Married,2626.2
2755,Married,65833.1
2756,Married,27624.7
2757,YOLO,85340.5
2758,Together,28715.1
2759,Together,32944.8
2760,Absurd,61248.5
2761,Married,63179.1
2762,Divorced,41073.4
2763,Married,57428.1
2764,Divorced,59907.6
2765,Single,57862.3
2766,Widow,41908.9
2767,Married,
2768,Married,78127.4
2769,Together,25490.2
2770,Married,33198.8
2771,Together,50545.1
2772,Married,28875.5
2773,Together,13931.9
2774,Married,71862.5
2775,Single,5424.2
2776,Married,41952.3
2777,Married,65178.9
2778,Single,55334.0
2779,Married,42255.0
2780,Married,28051.2
2781,Single,56877.4
2782,Together,30232.1
2783,Divorced,55318.7
2784,Single,52818.4
2785,Together,53020.7
2786,Together,37193.6
2787,Married,90700.2
2788,Together,57164.1
2789,Married,44425.8
2790,Married,55285.4
2791,Single,34510.8
2792,Together,42273.9
2793,Together,97838.4
2794,Single,34652.4
2795,Married,48444.5
2796,Absurd,40877.9
2797,Married,29207.3
2798,Married,58421.7
2799,Widow,50729.4
2800,Together,68220.5
2801,Together,66211.6
2802,Together,68014.2
2803,Divorced,31635.9
2804,Married,62819.2
2805,Married,63305.4
2806,Married,29578.7
2807,Absurd,43627.7
2808,Together,20877.8
2809,Single,63392.5
2810,Divorced,63300.4
2811,Married,78607.3
2812,Single,
2813,Married,59029.4
2814,Married,69754.7
2815,Divorced,34922.2
2816,Married,31880.7
2817,Divorced,35542.3
2818,Together,43014.1
2819,Single,32588.9
2820,Absurd,36403.4
2821,Married,67618.3
2822,Married,48073.1
2823,Married,56134.0
2824,Divorced,38985.7
2825,Married,37672.7
2826,Single,55711.1
2827,Single,52521.2
2828,Married,65559.7
2829,Together,76031.9
2830,Married,
2831,Married,67223.7
2832,Single,28403.9
2833,Married,91475.6
2834,Widow,34273.9
2835,Married,63812.6
2836,YOLO,28255.2
2837,Married,46958.2
2838,Single,80914.7
2839,Divorced,33645.9
2840,Married,94083.7
2841,Together,49894.5
2842,YOLO,69514.3
2843,Single,58058.9
2844,Single,59140.8
2845,Together,21477.7
2846,Married,40542.9
2847,Single,73919.5
2848,Single,43113.6
2849,Single,52776.6
2850,Together,19051.6
2851,Single,39248.5
2852,Married,72460.8
2853,Together,
2854,Married,64341.6
2855,Single,53555.6
2856,Together,45280.9
2857,Single,44401.5
2858,Together,40179.4
2859,Divorced,41960.6
2860,Married,68594.8
2861,Married,41359.1
2862,Married,86151.8
2863,Married,55990.7
2864,Divorced,38474.8
2865,Divorced,69467.3
2866,Married,62477.9
2867,Together,16916.5
2868,Widow,29310.6
2869,Absurd,47691.6
2870,Married,18327.8
2871,Married,91810.6
2872,Married,66444.6
2873,Absurd,49733.3
2874,Single,43145.9
2875,Together,38006.7
2876,Married,10719.4
2877,Married,15342.5
2878,Married,88022.4
2879,YOLO,81472.0
2880,Single,38484.4
2881,Together,68160.0
2882,Single,60128.4
2883,Single,62485.8
2884,Married,21496.4
2885,Married,13836.4
2886,Married,73651.9
2887,Married,10414.0
2888,Single,47036.1
2889,Married,42646.0
2890,Absurd,40797.0
2891,Widow,56289.0
2892,Married,36448.2
2893,Together,57914.7
2894,Widow,52823.1
2895,Single,91974.6
2896,Divorced,22291.8
2897,Widow,50585.4
2898,Single,58626.9
2899,Single,44871.9
2900,Absurd,23258.5
2901,Married,75142.1
2902,Single,56738.7
2903,Married,24662.1
2904,Married,58773.4
2905,Together,84031.3
2906,Together,49273.7
2907,YOLO,49955.7
2908,Married,81360.1
2909,Married,30592.3
2910,Married,84551.0
2911,Married,69458.2
2912,Single,31515.6
2913,Absurd,36634.6
2914,Divorced,39503.7
2915,Married,13328.7
2916,Together,55209.4
2917,Married,32421.1
2918,Married,55931.0
2919,Together,24181.1
2920,Married,68460.3
2921,YOLO,64752.5
2922,Together,35882.4
2923,Married,57193.0
2924,Together,51658.4
2925,Single,79646.0
2926,Married,29350.4
2927,Married,46954.0
2928,Married,37186.3
2929,Together,50896.4
2930,Married,60665.5
2931,Together,36963.9
2932,Together,42717.9
2933,Married,69320.8
2934,Divorced,77146.5
2935,Married,59870.3
2936,Married,47240.7
2937,Married,45338.1
2938,Married,60962.5
2939,Single,54555.3
2940,Together,17020.5
2941,Married,61447.7
2942,Married,32788.6
2943,Absurd,21661.3
2944,Together,16633.1
2945,Divorced,45677.9
2946,Single,29669.5
2947,Together,3472.8
2948,Divorced,42830.9
2949,Together,40188.6
2950,Together,47002.0
2951,Married,37422.0
2952,Single,86586.6
2953,Married,60346.7
2954,Married,40007.7
2955,Divorced,48727.5
2956,Married,78292.9
2957,Absurd,69132.5
2958,Absurd,22075.8
2959,Married,30514.2
2960,Married,34363.1
2961,Divorced,41206.0
2962,Absurd,38091.5
2963,Married,50680.2
2964,Married,64714.4
2965,Married,68053.2
2966,Together,43464.1
2967,Married,17306.1
2968,Together,29191.8
2969,Single,39604.5
2970,Single,25099.3
2971,Married,72817.2
2972,Married,26409.2
2973,Married,62341.3
2974,Married,16362.4
2975,Married,63144.0
2976,Single,47214.6
2977,Married,
2978,Absurd,27368.7
2979,Married,38717.7
2980,Married,42591.3
2981,Together,46950.0
2982,YOLO,43080.4
2983,Married,43466.4
2984,Together,43138.7
2985,Together,8576.4
2986,Together,69866.7
2987,Single,107222.7
2988,Together,55965.4
2989,Single,27285.0
2990,Together,29309.2
2991,Together,62263.5
2992,Married,57709.4
2993,Divorced,44314.2
2994,Single,65068.1
2995,Divorced,8722.3
2996,Married,
2997,Married,54755.2
2998,Single,30081.0
2999,Absurd,21333.5
3000,Single,52426.5
3001,Single,78144.8
3002,Married,45438.1
3003,Together,32946.3
3004,Married,53825.8
3005,Single,86417.4
3006,Married,58626.0
3007,Married,60788.0
3008,Married,74456.0
3009,Married,59451.1
3010,Together,34380.6
3011,Married,15108.7
3012,Married,31566.9
3013,Married,27905.5
3014,Absurd,63186.2
3015,Absurd,65967.0
3016,Divorced,53511.4
3017,Married,24626.2
3018,Single,85731.9
3019,Married,41675.8
3020,Married,62069.6
3021,Married,50986.5
3022,Together,54173.3
3023,Divorced,61363.7
3024,Divorced,36079.6
3025,Married,76108.0
3026,Together,18409.9
3027,Married,29228.9
3028,Single,75848.6
3029,Together,61800.1
3030,Single,100807.8
3031,Married,51367.0
3032,Married,84008.6
3033,Together,12850.4
3034,Together,21729.7
3035,Married,67910.5
3036,Divorced,15192.6
3037,Married,46052.6
3038,Married,73344.2
3039,Together,
3040,Together,50221.9
3041,YOLO,41017.9
3042,Married,54044.5
3043,Together,61545.0
3044,Together,36782.1
3045,Widow,57434.7
3046,Single,71568.6
3047,Together,45550.4
3048,Together,51362.5
3049,Married,59675.6
3050,Married,61026.7
3051,Married,67569.1
3052,Together,29712.5
3053,Divorced,39421.5
3054,Together,40162.4
3055,Together,31921.8
3056,Married,14031.7
3057,Single,0.0
3058,Married,73909.1
3059,Married,18922.1
3060,Married,81330.2
3061,Single,64788.2
3062,Married,41886.2
3063,Married,62328.4
3064,Married,58502.7
3065,Married,27964.5
3066,Single,49700.4
3067,Widow,30403.2
3068,Divorced,63082.6
3069,Together,35695.6
3070,Single,48067.4
3071,Together,47204.0
3072,Divorced,52431.6
3073,Together,83251.1
3074,Single,45180.8
3075,Together,74358.5
3076,Divorced,59599.9
3077,Together,78368.1
3078,Together,43231.3
3079,Married,63922.7
3080,Married,48814.6
3081,Single,0.0
3082,Together,28203.1
3083,Single,61647.5
3084,Married,60325.3
3085,Married,24100.5
3086,Married,54407.4
3087,Single,60065.2
3088,Together,49306.7
3089,Together,64576.4
3090,Single,61851.1
3091,Single,49297.1
3092,Single,39783.5
3093,Divorced,70850.8
3094,Married,59263.2
3095,Married,22371.3
3096,Single,54418.0
3097,Together,26979.5
3098,Divorced,30708.6
3099,Divorced,36961.8
3100,Together,50897.5
3101,Single,57489.7
3102,Single,41821.2
3103,Single,42696.3
3104,Married,39935.1
3105,Single,70950.3
3106,Married,0.0
3107,Married,43826.5
3108,Widow,80899.7
3109,Together,60344.6
3110,Divorced,75336.9
3111,Together,9315.0
3112,Single,25155.0
3113,Together,60281.0
3114,Married,81012.6
3115,Together,27175.3
3116,Married,42244.8
3117,YOLO,58029.3
3118,Married,20950.0
3119,Married,60433.8
3120,Widow,0.0
3121,Single,59844.8
3122,Together,30098.3
3123,Together,41048.1
3124,Divorced,63037.7
3125,Absurd,58945.0
3126,Absurd,49840.4
3127,Single,69380.8
3128,Divorced,15996.5
3129,Together,54088.3
3130,Together,34196.6
3131,Single,68360.6
3132,Together,63741.3
3133,YOLO,64467.0
3134,Widow,82907.6
3135,Married,72527.0
3136,Single,46851.6
3137,Married,49974.6
3138,Divorced,62018.8
3139,Together,52723.5
3140,Married,64103.5
3141,Single,5393.6
3142,Married,87616.1
3143,Married,51220.6
3144,Widow,17550.7
3145,Together,31724.1
3146,Married,7413.5
3147,Married,28195.3
3148,Single,47155.0
3149,Absurd,80294.3
3150,Married,58213.5
3151,Married,54657.2
3152,Married,27297.9
3153,Together,33510.3
3154,Together,35061.4
3155,Together,35877.4
3156,Married,42969.3
3157,Married,44479.8
3158,Single,43218.4
3159,Together,36573.5
3160,Single,52701.1
3161,Together,43711.7
3162,Divorced,18088.7
3163,Divorced,50687.6
3164,Married,47664.7
3165,Married,18407.5
3166,Single,38174.0
3167,Together,61941.5
3168,Divorced,27271.0
3169,Married,25156.4
3170,Married,43502.3
3171,Divorced,62458.6
3172,Divorced,86206.6
3173,Married,63178.7
3174,Together,71696.6
3175,Single,56934.0
3176,Single,36297.7
3177,Widow,63034.2
3178,Divorced,48287.8
3179,Together,57540.7
3180,Single,31079.4
3181,Divorced,59328.9
3182,Married,47589.8
3183,Married,54625.2
3184,Married,48298.5
3185,Single,44455.9
3186,Together,59693.8
3187,Together,41878.2
3188,Single,18226.2
3189,Single,12520.6
3190,Single,53688.3
3191,Single,41055.6
3192,Together,15418.0
3193,Divorced,52130.7
3194,Single,48122.5
3195,Single,40007.7
3196,Together,54936.2
3197,Divorced,76301.9
3198,Married,75691.8
3199,Married,52875.3
3200,Together,48305.8
3201,Married,53154.7
3202,Single,56180.1
3203,Together,44634.0
3204,Together,53490.9
3205,Together,18527.4
3206,Together,51627.0
3207,Together,59536.3
3208,Married,40203.2
3209,Married,48090.5
3210,Single,27769.9
3211,Single,24993.7
3212,Together,54216.3
3213,Divorced,35408.7
3214,Absurd,14463.5
3215,Together,27764.4
3216,Single,30672.4
3217,Single,65491.6
3218,Divorced,53582.3
3219,Together,32568.0
3220,Together,38244.7
3221,Together,76241.7
3222,Together,68722.0
3223,Divorced,27638.8
3224,Single,73270.5
3225,Together,48387.4
3226,Divorced,65992.2
3227,Married,46733.8
3228,Together,73716.6
3229,Married,26807.6
3230,Absurd,44891.0
3231,Single,74329.2
3232,Together,2147.8
3233,Single,49078.8
3234,Together,42129.1
3235,Single,63693.2
3236,Married,71398.3
