booking_id,cancelled,lead_time,nights,adr,booking_value,party_size,prev_cancels,special_requests,is_weekend,online_channel,has_deposit,checkin_hour
300001,CANCEL,54,1,59.81,53.08,1,0,0,0,1,0,17
300002,CANCEL,55,2,115.6,211.16,3,1,1,0,0,0,10
300003,STAY,84,1,112.75,98.77,1,0,0,1,0,0,15
300004,STAY,27,1,81.28,105.76,2,1,0,0,0,0,18
300005,STAY,44,5,137.87,686.26,2,1,0,0,0,1,21
300006,CANCEL,55,5,62.4,286.88,1,4,0,0,0,0,13
300007,STAY,60,5,103.34,517.55,3,1,3,1,0,1,10
300008,CANCEL,22,2,156.62,294.67,2,0,2,1,1,0,18
300009,STAY,108,1,117.27,93.68,4,1,2,1,0,0,10
300010,CANCEL,41,1,133.83,146.66,3,1,0,0,1,1,22
300011,STAY,104,2,96.43,210.48,3,0,0,0,0,0,21
300012,STAY,62,4,114.33,453.2,1,1,3,0,1,0,20
300013,CANCEL,93,4,100.03,379.56,1,0,1,0,1,0,22
300014,STAY,39,4,53.72,178.98,2,1,2,0,1,0,15
300015,STAY,77,3,77.21,237.04,4,1,2,0,0,1,18
300016,CANCEL,107,3,116.65,364.79,2,2,1,0,1,0,22
300017,STAY,37,2,99.79,176.79,2,0,1,0,1,0,16
300018,STAY,72,3,120.67,393.11,4,1,0,1,1,0,21
300019,STAY,77,6,93.16,506.79,1,0,2,1,1,0,10
300020,STAY,35,3,123.74,352.8,2,1,1,1,1,1,15
300021,STAY,62,2,184.1,392.55,2,0,0,0,1,0,12
300022,CANCEL,57,3,89.16,291.36,2,0,1,0,1,0,10
300023,STAY,28,3,98.62,266.36,1,1,0,1,1,0,18
300024,CANCEL,23,3,119.11,374.53,1,0,0,0,1,0,10
300025,STAY,92,2,165.63,357.26,1,0,1,0,0,0,12
300026,STAY,69,1,114.81,130.63,2,0,1,0,0,0,10
300027,STAY,56,4,137.9,553.05,3,1,1,1,1,0,18
300028,STAY,33,4,104.19,420.31,3,1,1,0,1,0,12
300029,CANCEL,132,1,115.17,87.72,2,2,2,0,1,0,13
300030,STAY,44,2,143.19,287.11,2,0,1,0,1,0,16
300031,STAY,82,3,114.02,340.24,1,1,1,0,0,0,22
300032,STAY,71,1,135.87,116.25,1,0,2,0,1,0,15
300033,CANCEL,50,7,118.7,811.18,1,0,0,0,0,1,11
300034,CANCEL,38,4,69.66,266.56,3,1,0,1,0,0,21
300035,STAY,110,3,89.82,264.41,1,0,0,1,1,0,12
300036,STAY,24,3,82.2,266.64,1,2,0,1,0,0,18
300037,CANCEL,51,4,113.31,456.6,1,0,3,0,0,0,20
300038,STAY,28,1,86.12,96.81,2,0,1,0,1,0,14
300039,STAY,98,2,86.05,193.82,1,1,2,1,1,0,17
300040,STAY,40,1,134.4,113.4,2,0,0,1,1,0,14
300041,STAY,60,3,131.42,394.66,2,0,1,0,1,1,22
300042,CANCEL,13,3,90.97,265.35,2,0,1,0,0,0,11
300043,STAY,47,3,188.55,552.62,1,1,0,1,1,1,20
300044,STAY,97,4,251.86,1021.56,1,1,11,1,1,1,15
300045,STAY,61,5,134.74,672.55,3,0,1,1,0,1,17
300046,CANCEL,81,3,78.58,265.75,1,1,2,0,1,1,22
300047,STAY,47,3,90.91,264.96,1,2,1,1,0,0,16
300048,STAY,55,3,171.11,539.07,1,0,2,0,1,0,10
300049,CANCEL,30,4,129.44,499.14,1,1,2,1,1,1,21
300050,STAY,100,1,73.55,87.14,3,0,1,0,0,0,20
300051,CANCEL,54,3,108.7,316.23,3,0,0,0,1,0,12
300052,STAY,109,2,139.31,293.26,1,2,2,0,0,0,16
300053,CANCEL,72,3,155.42,481.42,1,0,1,1,0,0,14
300054,STAY,41,2,113.33,248.78,1,0,0,0,0,0,22
300055,STAY,59,3,89.16,259.27,1,0,0,0,1,0,10
300056,CANCEL,76,5,128.54,653.37,2,0,0,1,1,1,12
300057,STAY,74,3,57.32,159.23,1,0,0,0,1,1,10
300058,STAY,13,1,128.33,116.63,3,0,1,1,1,0,20
300059,CANCEL,56,5,55.33,275.77,1,1,0,1,1,0,18
300060,STAY,37,2,69.19,102.09,1,2,0,0,0,1,16
300061,CANCEL,30,3,62.64,199.18,1,0,0,1,0,0,20
300062,CANCEL,66,1,108.06,93.19,2,1,1,1,1,0,10
300063,CANCEL,59,3,49.44,155.97,4,3,0,0,1,0,10
300064,STAY,102,6,52.24,296.09,3,0,0,0,0,1,21
300065,STAY,51,3,147.16,443.05,4,0,3,1,1,0,10
300066,STAY,25,1,88.27,66.5,2,0,1,0,0,0,14
300067,STAY,53,1,184.63,200.17,1,2,1,0,1,1,11
300068,CANCEL,32,1,65.05,73.56,3,1,1,0,0,0,20
300069,STAY,68,1,55.02,51.9,5,2,0,1,0,0,21
300070,CANCEL,41,2,58.09,113.25,4,1,0,0,1,0,18
300071,CANCEL,42,2,121.17,220.12,1,2,1,0,1,1,13
300072,CANCEL,12,2,149.31,291.15,2,0,0,0,1,0,18
300073,STAY,107,2,99.27,228.04,1,1,2,0,0,0,13
300074,STAY,29,5,111.31,560.71,1,1,1,1,1,1,13
300075,STAY,42,2,174.42,374.89,3,1,0,1,1,0,22
300076,CANCEL,121,1,226.78,254.51,2,1,1,0,1,0,12
300077,CANCEL,108,1,83.97,40.0,1,1,1,0,1,0,15
300078,STAY,85,7,62.6,446.15,4,0,3,0,1,0,21
300079,CANCEL,116,7,191.82,1351.19,3,4,1,1,1,1,14
300080,STAY,34,3,122.57,391.19,4,0,4,1,1,0,22
300081,CANCEL,30,2,104.93,213.1,2,0,1,0,0,1,18
300082,CANCEL,109,4,102.33,365.65,1,2,1,0,1,1,11
300083,STAY,71,2,81.69,172.35,1,0,0,0,0,0,19
300084,STAY,75,7,53.01,409.22,1,1,1,1,1,0,16
300085,STAY,38,5,73.5,358.88,1,1,0,1,1,0,21
300086,STAY,32,1,119.22,103.69,2,0,0,1,1,0,21
300087,CANCEL,53,5,113.62,572.97,2,0,0,0,1,0,19
300088,STAY,51,4,87.2,353.81,1,2,18,0,0,1,18
300089,STAY,101,5,62.89,292.3,1,0,1,1,0,1,17
300090,STAY,14,3,104.87,342.52,6,0,1,0,0,0,11
300091,CANCEL,105,6,89.58,580.01,2,0,1,0,1,1,17
300092,STAY,77,3,93.59,278.62,3,1,2,0,1,0,11
300093,CANCEL,38,4,112.8,429.94,1,1,1,0,1,0,19
300094,CANCEL,71,1,120.14,108.66,4,0,0,1,1,0,12
300095,CANCEL,114,2,141.35,295.77,1,0,0,1,0,0,14
300096,CANCEL,125,4,81.7,280.41,1,1,1,1,1,0,22
300097,STAY,47,4,115.89,464.52,2,0,3,0,1,0,16
300098,STAY,205,4,101.55,386.14,1,0,0,1,1,0,20
300099,CANCEL,29,3,120.59,331.59,2,0,1,1,0,0,15
300100,STAY,75,3,109.01,316.13,5,0,0,1,1,1,16
300101,CANCEL,63,3,118.06,364.93,3,1,0,1,1,0,18
300102,STAY,32,1,69.12,62.9,5,0,1,0,1,0,17
300103,CANCEL,64,7,49.59,348.22,2,0,0,1,1,0,17
300104,STAY,14,4,71.12,318.51,3,0,1,0,0,0,14
300105,STAY,64,6,61.14,363.16,1,0,4,0,1,0,14
300106,STAY,42,7,105.03,715.27,2,0,1,0,1,0,18
300107,CANCEL,54,3,101.62,304.88,2,0,1,1,1,1,13
300108,CANCEL,76,2,189.4,371.47,3,0,0,1,1,0,20
300109,CANCEL,72,2,84.46,188.08,3,1,0,1,0,0,12
300110,CANCEL,63,3,104.12,294.39,5,1,0,0,0,0,13
300111,STAY,69,2,95.66,171.64,3,0,0,1,0,0,12
300112,CANCEL,82,2,46.23,81.36,2,1,2,0,1,0,20
300113,STAY,42,3,152.42,460.01,2,0,1,0,1,0,16
300114,STAY,46,7,123.56,881.24,1,2,0,0,1,0,18
300115,STAY,64,9,52.99,494.68,3,1,0,0,1,0,10
300116,STAY,17,2,151.74,330.1,1,1,0,1,1,0,19
300117,STAY,58,4,65.92,271.41,2,0,2,1,0,0,15
300118,STAY,54,1,165.36,151.12,4,3,0,1,1,0,19
300119,STAY,31,3,81.6,247.11,4,0,1,1,1,0,12
300120,STAY,64,3,65.37,225.68,2,2,1,0,1,1,17
300121,STAY,71,4,62.48,233.92,2,1,0,1,1,0,11
300122,STAY,106,6,146.23,866.64,4,1,0,1,1,1,20
300123,CANCEL,71,2,118.35,214.77,2,1,0,0,1,0,14
300124,CANCEL,23,1,101.87,96.92,2,0,2,1,1,0,21
300125,STAY,41,2,94.19,175.92,1,0,0,1,0,0,16
300126,STAY,72,2,193.18,371.06,2,0,2,1,1,1,17
300127,STAY,54,3,50.07,141.13,2,1,2,1,1,1,10
300128,STAY,70,3,63.44,194.76,2,0,0,0,0,0,14
300129,STAY,72,4,93.9,397.8,1,0,0,1,1,0,22
300130,STAY,115,5,98.81,496.61,4,0,0,1,1,0,22
300131,STAY,30,3,106.03,320.78,1,1,0,0,1,0,18
300132,CANCEL,55,4,144.3,577.44,1,2,0,0,1,0,10
300133,STAY,85,2,115.17,226.94,2,0,0,0,1,0,20
300134,STAY,9,7,86.81,611.67,1,0,3,0,1,0,20
300135,STAY,59,3,136.2,413.5,4,1,11,0,0,0,16
300136,STAY,84,4,107.96,420.97,1,1,4,1,0,0,20
300137,STAY,33,3,55.13,162.81,1,0,0,0,0,0,22
300138,CANCEL,80,1,109.86,101.75,3,2,0,0,1,0,14
300139,STAY,36,3,58.07,184.82,4,0,1,0,1,0,12
300140,STAY,17,2,67.43,139.01,3,0,1,0,0,0,16
300141,STAY,59,2,113.34,234.53,1,1,0,0,0,0,13
300142,STAY,42,2,59.88,164.69,1,0,1,0,1,0,14
300143,STAY,51,2,123.45,233.59,2,2,0,0,1,0,13
300144,CANCEL,68,3,162.14,529.88,2,1,0,1,1,0,22
300145,CANCEL,30,4,144.71,597.91,2,1,0,1,1,0,21
300146,STAY,34,1,105.39,124.75,3,0,0,0,0,1,21
300147,STAY,46,2,116.85,237.06,3,0,2,1,1,1,13
300148,STAY,41,2,130.65,281.18,2,0,0,0,1,1,11
300149,CANCEL,90,1,120.03,138.46,1,0,1,1,1,0,20
300150,CANCEL,65,1,99.99,116.16,2,1,1,0,0,0,13
300151,STAY,32,1,111.29,68.69,4,0,2,0,1,0,17
300152,STAY,29,1,84.28,63.69,2,1,1,1,1,0,14
300153,STAY,79,3,115.69,373.66,1,0,0,0,1,0,18
300154,STAY,10,4,165.35,689.66,3,1,0,0,0,0,14
300155,CANCEL,65,4,83.67,340.75,2,0,0,0,1,0,18
300156,STAY,62,1,96.9,94.72,3,0,3,1,0,1,16
300157,STAY,90,2,71.59,150.72,1,1,0,1,1,0,20
300158,STAY,44,3,60.08,161.87,3,0,0,0,0,0,14
300159,STAY,64,3,122.06,394.87,1,1,3,0,1,0,10
300160,CANCEL,63,2,48.4,100.97,2,0,0,1,1,0,18
300161,STAY,48,3,146.96,443.79,4,1,0,0,1,0,13
300162,CANCEL,92,2,79.08,175.48,4,1,1,0,1,1,13
300163,STAY,25,1,125.57,108.09,6,1,0,0,0,0,14
300164,STAY,25,1,84.47,78.89,2,0,2,0,0,1,17
300165,STAY,16,2,83.38,182.14,1,0,0,0,1,0,10
300166,STAY,48,3,123.29,383.58,3,1,2,0,1,0,22
300167,STAY,64,4,83.71,350.72,1,0,0,0,1,0,18
300168,STAY,14,4,109.23,432.26,1,0,0,0,1,0,19
300169,STAY,41,2,39.41,70.82,3,0,1,0,0,0,14
300170,STAY,23,2,45.73,95.73,5,0,2,1,0,0,16
300171,STAY,69,2,156.98,313.63,3,1,1,0,1,0,19
300172,CANCEL,72,1,70.32,93.3,2,1,1,1,1,0,13
300173,STAY,88,2,102.31,191.45,1,2,2,0,1,0,12
300174,STAY,30,1,210.54,218.1,2,3,1,0,1,1,12
300175,STAY,68,4,57.26,242.11,4,1,1,1,1,0,17
300176,STAY,47,2,99.08,245.88,1,0,0,1,1,0,16
300177,CANCEL,43,1,78.09,60.95,3,1,0,0,1,0,21
300178,STAY,32,1,140.07,162.7,2,0,2,0,0,0,10
300179,CANCEL,89,4,130.46,541.41,1,1,0,0,1,0,10
300180,STAY,58,4,84.78,337.94,1,0,1,0,1,0,12
300181,STAY,31,2,181.98,372.27,1,1,0,1,1,0,13
300182,STAY,29,2,122.76,259.97,2,0,2,1,1,0,22
300183,STAY,19,2,60.44,118.74,3,0,1,0,1,1,19
300184,STAY,51,3,152.66,418.65,1,0,0,0,0,0,12
300185,CANCEL,34,1,69.2,68.97,3,1,3,0,0,0,21
300186,STAY,72,1,177.39,172.68,3,1,0,0,1,1,18
300187,CANCEL,95,1,210.93,189.82,1,5,2,0,1,0,21
300188,STAY,29,2,58.68,145.28,2,0,2,1,1,0,10
300189,STAY,88,5,119.08,572.22,4,0,0,0,1,1,10
300190,STAY,47,5,79.55,403.84,1,0,1,1,1,0,16
300191,CANCEL,61,1,77.13,67.28,4,0,0,0,1,0,17
300192,STAY,23,3,98.07,280.54,2,0,0,1,1,0,18
300193,STAY,47,4,116.2,459.49,1,1,0,0,1,0,11
300194,CANCEL,61,5,225.55,1118.4,1,4,0,0,1,0,17
300195,STAY,88,3,99.81,266.79,5,0,0,0,1,0,12
300196,CANCEL,67,4,112.85,431.98,2,3,0,1,1,1,14
300197,CANCEL,122,3,49.85,131.34,2,0,0,1,0,0,14
300198,CANCEL,43,8,134.85,1072.32,1,1,1,0,1,0,12
300199,CANCEL,60,2,118.23,258.01,4,1,2,0,1,0,16
300200,CANCEL,86,2,99.98,173.33,1,0,0,1,1,1,17
300201,CANCEL,68,1,100.5,77.27,2,0,0,1,1,0,16
300202,STAY,67,1,47.4,52.15,1,1,3,1,1,0,14
300203,CANCEL,28,1,125.48,123.1,1,0,1,1,0,1,15
300204,STAY,30,5,102.76,509.12,5,1,1,1,1,0,11
300205,STAY,10,4,90.04,375.01,1,0,0,1,1,1,12
300206,CANCEL,112,4,114.72,494.64,3,1,0,1,1,0,20
300207,CANCEL,92,1,91.52,103.63,2,0,1,1,1,0,18
300208,STAY,32,4,96.74,373.57,3,0,2,0,1,0,21
300209,STAY,75,1,87.19,87.15,2,0,1,0,0,0,16
300210,STAY,29,1,156.67,152.84,1,1,0,1,0,1,16
300211,CANCEL,103,4,64.15,254.35,1,1,0,0,1,0,14
300212,STAY,125,4,154.36,614.25,2,1,1,0,1,0,15
300213,CANCEL,38,2,195.91,385.97,4,1,1,0,1,1,16
300214,CANCEL,42,4,104.43,411.42,2,1,2,0,1,0,20
300215,STAY,75,2,126.76,255.41,2,2,1,1,0,0,21
300216,CANCEL,32,2,175.07,375.03,5,1,1,0,1,0,11
300217,STAY,44,3,77.56,242.25,1,1,1,1,1,0,15
300218,CANCEL,102,2,88.23,200.86,2,0,0,1,1,0,22
300219,CANCEL,75,2,86.87,176.44,2,1,0,1,1,0,14
300220,CANCEL,39,3,139.2,427.32,1,4,1,0,1,0,11
300221,STAY,31,7,152.85,1051.64,1,0,1,0,1,0,18
300222,STAY,41,2,158.81,320.28,3,2,0,0,1,0,22
300223,STAY,54,3,110.81,351.24,1,0,4,0,1,0,13
300224,STAY,47,4,91.21,355.42,2,0,0,0,1,0,11
300225,STAY,41,1,87.12,94.8,2,0,0,0,1,0,15
300226,CANCEL,70,5,143.12,723.95,2,0,0,1,1,0,13
300227,STAY,11,2,64.31,105.04,1,1,18,1,1,0,20
300228,STAY,29,2,67.74,130.34,1,0,0,0,0,0,22
300229,CANCEL,44,5,68.25,372.05,1,2,0,1,1,0,15
300230,STAY,65,5,91.74,421.98,2,0,1,0,1,1,18
300231,STAY,20,3,64.31,214.25,5,0,4,0,0,0,16
300232,STAY,51,1,117.01,121.72,1,0,0,1,0,0,18
300233,STAY,78,3,158.23,516.0,4,0,0,1,1,0,22
300234,STAY,39,5,68.82,339.86,1,0,2,1,1,0,18
300235,CANCEL,41,1,146.53,162.52,2,1,1,0,1,1,13
300236,CANCEL,87,5,119.23,579.3,1,2,1,0,1,0,20
300237,CANCEL,46,3,111.9,354.7,3,0,1,1,0,1,20
300238,STAY,14,3,102.6,322.72,1,0,1,0,1,0,13
300239,STAY,19,3,54.89,157.51,3,0,0,1,1,1,19
300240,STAY,52,4,80.78,338.73,2,0,1,0,0,0,22
300241,STAY,106,4,60.43,248.42,2,1,1,0,1,0,16
300242,CANCEL,55,2,109.58,204.39,1,0,0,0,1,1,17
300243,CANCEL,50,1,81.79,78.48,1,2,2,1,1,0,19
300244,STAY,66,1,101.3,67.21,1,1,0,0,0,0,17
300245,STAY,54,3,37.65,99.61,2,0,0,0,1,0,13
300246,CANCEL,35,2,91.03,170.86,2,0,0,1,1,0,22
300247,STAY,53,3,93.04,309.09,1,0,1,0,1,1,16
300248,STAY,22,9,75.24,667.25,2,1,0,1,0,1,14
300249,STAY,48,4,140.93,573.57,1,1,0,0,1,0,16
300250,STAY,94,3,115.77,356.38,3,0,1,0,1,0,14
300251,STAY,141,1,95.42,119.66,1,0,1,1,1,1,21
300252,STAY,45,4,111.58,437.22,2,0,0,0,1,1,10
300253,STAY,34,1,96.71,99.5,1,1,2,1,0,0,15
300254,STAY,43,4,136.3,529.11,1,1,1,0,1,0,20
300255,STAY,64,6,56.49,348.27,3,1,1,1,0,1,22
300256,STAY,67,2,58.8,136.59,5,1,0,1,1,0,10
300257,STAY,37,2,76.39,168.08,1,1,0,1,1,0,15
300258,STAY,41,3,157.75,452.87,1,1,1,0,1,0,18
300259,STAY,69,2,128.94,225.71,3,1,2,0,1,0,22
300260,STAY,40,1,172.71,156.56,2,0,1,0,0,0,19
300261,STAY,23,2,189.15,368.06,4,2,1,1,1,0,20
300262,CANCEL,52,2,67.38,146.24,3,3,1,0,0,0,22
300263,CANCEL,37,2,101.87,212.18,1,1,0,0,1,1,17
300264,STAY,65,1,85.84,97.17,1,0,1,1,1,1,17
300265,STAY,28,2,97.08,151.03,2,1,0,0,0,0,15
300266,CANCEL,49,5,108.34,539.09,7,1,1,1,1,0,10
300267,CANCEL,70,4,100.75,412.78,1,1,0,1,1,0,13
300268,CANCEL,60,1,88.08,82.88,3,0,1,1,1,0,11
300269,STAY,28,2,103.2,184.66,1,1,0,0,1,0,12
300270,STAY,61,6,80.24,465.93,5,1,1,0,1,1,10
300271,STAY,70,1,142.5,182.07,2,0,0,1,1,0,17
300272,CANCEL,25,2,90.6,178.54,4,3,0,0,0,0,15
300273,CANCEL,60,2,113.94,236.57,2,0,1,1,0,1,18
300274,STAY,35,5,102.57,500.02,2,0,1,0,1,0,12
300275,STAY,36,2,70.48,134.26,1,0,1,1,1,1,13
300276,STAY,48,5,78.83,384.51,1,2,1,0,0,0,17
300277,CANCEL,77,7,136.93,965.47,1,1,1,0,1,0,19
300278,STAY,55,3,207.93,619.04,1,1,1,1,1,0,12
300279,CANCEL,81,1,95.08,83.67,2,0,1,1,1,1,19
300280,CANCEL,44,1,99.11,67.7,2,1,2,1,1,0,17
300281,STAY,48,2,86.46,163.59,1,1,2,0,0,1,18
300282,STAY,84,2,47.66,85.65,2,0,1,1,1,0,12
300283,STAY,22,3,82.14,208.14,3,0,0,1,0,0,20
300284,CANCEL,41,1,87.86,67.33,1,0,1,1,1,0,11
300285,STAY,32,6,181.14,1049.52,3,0,1,1,1,0,16
300286,CANCEL,63,1,133.99,138.0,2,3,0,0,1,0,16
300287,STAY,23,1,102.31,108.78,2,0,0,0,1,0,22
300288,STAY,35,6,79.51,494.95,1,0,1,0,1,0,16
300289,CANCEL,71,1,90.52,89.13,1,0,0,1,0,0,12
300290,STAY,79,5,117.44,599.23,1,1,1,0,0,0,14
300291,CANCEL,47,2,88.81,184.74,5,1,3,1,1,0,13
300292,CANCEL,76,1,127.43,117.54,3,1,0,0,1,0,15
300293,CANCEL,32,2,165.86,338.14,1,0,1,0,1,0,20
300294,STAY,63,4,51.46,196.63,2,0,0,1,1,0,12
300295,STAY,68,5,110.99,528.52,1,1,2,0,0,0,13
300296,CANCEL,84,3,199.3,616.88,2,1,0,0,1,0,12
300297,CANCEL,51,3,46.74,164.77,1,1,0,0,1,0,16
300298,STAY,36,3,159.52,488.45,1,1,0,0,1,1,21
300299,STAY,47,1,214.78,213.93,1,2,2,1,1,0,10
300300,CANCEL,65,3,162.94,472.38,1,2,0,0,1,0,15
300301,STAY,46,1,82.01,83.77,1,1,0,1,0,0,22
300302,STAY,41,3,122.16,344.26,3,0,0,0,1,0,15
300303,STAY,17,5,95.25,468.57,2,1,1,0,0,1,21
300304,STAY,78,1,72.06,77.19,5,0,1,1,0,0,10
300305,CANCEL,136,4,103.45,387.42,2,0,0,0,1,0,20
300306,STAY,45,1,138.23,104.8,1,0,0,0,0,0,21
300307,STAY,33,1,145.53,133.48,4,0,0,0,1,0,22
300308,STAY,85,1,120.78,83.41,3,1,0,0,0,0,14
300309,CANCEL,53,2,96.14,180.54,2,2,0,0,1,0,19
300310,STAY,40,5,77.04,390.14,2,1,2,0,1,0,10
300311,CANCEL,72,5,208.18,1024.09,1,1,0,0,1,0,14
300312,STAY,58,4,38.28,167.19,2,0,3,0,0,1,19
300313,CANCEL,85,2,82.19,189.45,2,0,0,0,1,0,22
300314,STAY,15,3,41.16,141.35,2,1,2,1,0,1,18
300315,STAY,27,4,59.74,243.11,2,1,1,0,1,0,17
300316,CANCEL,63,7,79.84,548.95,3,2,2,0,1,1,13
300317,STAY,41,3,77.2,247.76,2,2,1,1,1,0,18
300318,STAY,74,3,138.05,372.39,4,0,0,1,0,0,20
300319,STAY,69,5,99.03,486.75,3,0,1,1,0,0,10
300320,CANCEL,45,2,93.15,166.52,1,0,0,0,0,0,20
300321,STAY,33,2,114.03,205.27,3,1,2,0,1,0,18
300322,STAY,32,5,274.92,1398.54,1,1,1,0,1,1,22
300323,CANCEL,42,1,82.04,85.13,2,2,1,0,1,0,18
300324,CANCEL,125,5,84.27,403.87,2,1,0,1,1,1,20
300325,STAY,73,3,108.77,289.85,1,0,0,0,0,0,16
300326,STAY,39,3,77.46,243.23,2,1,0,0,1,0,21
300327,CANCEL,79,1,49.88,45.01,1,1,0,0,1,0,18
300328,CANCEL,43,1,84.11,77.21,1,1,0,0,0,1,15
300329,STAY,63,2,220.59,426.3,1,0,2,0,1,1,20
300330,CANCEL,57,2,126.14,255.31,4,0,1,1,1,0,10
300331,STAY,76,3,95.71,292.78,3,0,0,0,1,1,17
300332,CANCEL,56,1,51.26,40.0,1,0,0,1,1,0,15
300333,CANCEL,96,3,180.95,534.54,2,2,0,0,1,0,13
300334,STAY,34,4,123.64,487.63,1,1,3,0,1,1,17
300335,CANCEL,49,1,103.88,81.26,1,3,0,0,0,1,10
300336,CANCEL,45,1,138.4,125.83,1,0,1,0,1,0,10
300337,STAY,87,1,93.58,125.39,1,0,0,1,1,0,14
300338,STAY,24,4,78.34,284.51,1,0,2,0,0,0,18
300339,STAY,37,1,112.22,109.9,2,0,1,0,1,0,20
300340,STAY,74,2,73.4,170.56,1,3,2,1,1,0,16
300341,STAY,62,1,101.58,124.7,1,0,0,0,1,0,12
300342,STAY,24,1,92.41,112.64,4,1,2,0,1,0,22
300343,CANCEL,23,2,89.69,178.9,1,0,3,0,1,1,21
300344,STAY,71,1,168.27,175.38,2,0,1,1,1,0,21
300345,STAY,41,4,51.06,247.15,2,1,1,0,0,0,21
300346,CANCEL,66,2,82.7,135.2,1,0,0,1,0,0,12
300347,STAY,69,2,111.93,178.68,2,1,1,0,0,0,14
300348,STAY,27,1,132.11,116.1,1,1,2,0,0,1,20
300349,STAY,56,3,171.17,509.72,1,0,0,1,0,1,14
300350,STAY,24,2,131.84,277.87,2,1,1,0,0,0,20
300351,STAY,90,3,169.96,490.31,1,0,2,1,1,0,16
300352,STAY,43,1,157.33,130.14,2,1,1,0,0,0,13
300353,STAY,60,3,113.82,327.23,2,3,0,1,1,1,11
300354,STAY,52,1,96.42,97.8,3,0,0,0,0,1,21
300355,STAY,46,3,81.46,236.35,3,0,1,0,1,0,18
300356,STAY,52,2,89.13,171.89,2,1,2,1,0,0,18
300357,STAY,34,5,78.22,405.32,1,0,2,0,1,0,16
300358,STAY,91,1,181.76,160.76,2,0,2,0,0,1,19
300359,CANCEL,22,3,103.17,288.51,3,1,0,1,0,0,22
300360,STAY,52,3,70.19,207.95,2,2,3,1,1,1,15
300361,CANCEL,40,2,74.58,155.57,2,1,0,1,1,1,17
300362,STAY,47,6,80.49,511.95,2,0,0,0,0,1,19
300363,STAY,58,1,148.55,146.59,3,0,2,0,1,0,20
300364,CANCEL,41,3,91.54,290.1,3,2,0,1,1,0,22
300365,STAY,62,2,67.13,169.79,3,2,0,0,1,0,13
300366,STAY,19,2,97.26,223.89,2,0,1,0,0,1,13
300367,STAY,50,3,81.57,236.09,2,0,1,1,1,0,18
300368,STAY,26,3,63.56,200.9,1,0,0,1,1,1,19
300369,CANCEL,128,3,173.33,485.82,2,1,0,0,1,0,12
300370,CANCEL,21,3,129.81,382.21,1,1,1,0,1,0,14
300371,STAY,67,2,164.44,338.14,1,0,1,0,0,0,21
300372,STAY,84,7,77.53,571.42,1,0,2,0,0,1,22
300373,STAY,18,3,91.97,279.84,3,2,2,0,0,0,16
300374,STAY,22,1,110.94,141.13,3,0,0,0,1,0,19
300375,CANCEL,104,8,66.41,544.28,1,3,0,1,1,1,20
300376,STAY,52,2,76.37,165.65,1,0,3,1,1,0,17
300377,STAY,54,1,110.4,124.64,3,1,1,1,1,1,20
300378,CANCEL,110,3,96.82,259.88,1,0,1,0,0,0,18
300379,STAY,116,6,140.31,859.35,1,3,2,0,0,1,16
300380,STAY,70,4,131.89,526.2,3,1,0,1,1,0,12
300381,CANCEL,87,3,83.88,261.35,3,0,1,0,0,1,19
300382,STAY,88,1,107.5,116.69,2,1,0,1,1,1,13
300383,CANCEL,49,1,107.78,95.84,1,1,0,0,1,0,22
300384,STAY,63,5,117.5,574.16,1,2,0,0,1,0,12
300385,CANCEL,49,1,125.92,126.8,1,1,0,1,1,0,21
300386,CANCEL,67,2,134.8,256.35,1,1,0,1,0,0,22
300387,STAY,41,3,51.26,153.64,2,3,1,1,1,0,22
300388,STAY,36,1,57.23,59.8,3,1,0,1,1,0,22
300389,STAY,67,5,48.92,230.42,4,2,1,1,1,0,19
300390,STAY,52,5,142.42,701.7,2,0,1,1,0,1,15
300391,STAY,60,1,90.6,74.88,2,0,0,0,1,0,14
300392,CANCEL,57,4,170.65,689.34,1,0,0,1,1,0,17
300393,STAY,35,6,134.89,798.76,1,1,0,1,1,0,22
300394,STAY,92,2,81.73,178.53,2,1,1,1,0,0,21
300395,STAY,55,1,162.67,146.03,1,1,0,0,0,0,11
300396,STAY,24,5,74.05,375.55,1,1,1,1,1,1,17
300397,CANCEL,35,1,84.32,86.94,3,1,0,0,1,0,22
300398,CANCEL,95,5,61.58,274.11,1,1,0,0,0,0,14
300399,STAY,19,4,123.08,488.39,1,0,1,0,0,0,21
300400,STAY,24,5,51.16,299.31,1,0,0,0,1,1,17
300401,CANCEL,64,1,172.07,180.24,1,1,0,1,1,0,20
300402,CANCEL,57,3,174.97,518.75,4,3,1,1,1,0,12
300403,CANCEL,77,3,204.9,621.4,1,1,2,0,1,0,10
300404,STAY,70,1,82.29,62.57,5,0,0,0,1,1,18
300405,STAY,62,4,118.25,462.35,1,0,1,0,1,0,15
300406,STAY,46,3,68.67,225.14,1,1,11,0,0,1,15
300407,CANCEL,30,3,122.94,378.66,3,0,0,0,1,0,11
300408,STAY,69,4,58.01,222.77,1,0,0,1,1,0,10
300409,STAY,113,4,88.71,347.33,1,0,3,1,1,0,13
300410,STAY,67,1,52.53,42.69,1,0,0,0,1,1,12
300411,CANCEL,69,2,115.71,238.35,1,1,2,1,1,1,15
300412,STAY,48,5,78.26,407.6,1,2,0,0,1,1,13
300413,CANCEL,31,3,76.14,219.02,4,0,0,1,1,0,13
300414,STAY,83,8,108.96,856.42,1,2,0,1,1,0,15
300415,STAY,30,3,90.32,245.47,2,0,3,1,1,1,12
300416,CANCEL,73,1,77.25,51.09,1,0,1,1,0,0,11
300417,CANCEL,61,1,60.88,79.8,2,2,1,1,0,1,12
300418,CANCEL,113,3,173.48,512.39,1,1,1,1,1,1,16
300419,CANCEL,60,2,114.24,183.24,3,0,1,0,1,0,12
300420,STAY,101,1,118.69,138.46,2,0,2,1,1,1,22
300421,STAY,65,6,104.39,641.27,1,1,1,0,1,0,15
300422,STAY,81,1,116.92,111.56,1,0,5,0,1,0,22
300423,STAY,91,3,105.72,346.21,3,0,1,0,1,1,18
300424,CANCEL,117,1,104.05,115.49,1,0,1,0,1,0,18
300425,STAY,71,3,143.19,403.8,2,0,1,0,1,0,11
300426,STAY,52,4,69.57,272.64,1,1,1,0,0,0,22
300427,STAY,59,2,83.19,163.15,1,0,2,1,0,1,20
300428,STAY,26,3,43.88,139.94,4,1,0,0,0,0,15
300429,CANCEL,45,1,182.99,169.61,1,1,1,0,1,0,21
300430,STAY,76,5,85.92,392.86,4,0,1,1,1,0,17
300431,STAY,81,1,80.05,80.67,3,0,1,0,0,0,11
300432,CANCEL,75,4,97.89,412.45,1,1,1,0,1,1,10
300433,CANCEL,150,2,79.69,122.32,1,2,2,0,1,0,21
300434,STAY,53,2,98.98,182.63,5,1,0,0,1,1,19
300435,STAY,51,3,114.71,305.48,2,0,1,1,1,0,11
300436,CANCEL,65,2,82.73,147.56,1,2,0,1,0,0,14
300437,STAY,52,2,62.25,117.82,1,0,1,1,1,0,20
300438,STAY,41,6,97.77,561.61,2,0,2,0,1,0,10
300439,CANCEL,32,1,111.92,111.28,1,0,0,0,1,0,13
300440,STAY,17,6,130.18,748.3,2,0,0,0,1,1,13
300441,STAY,59,4,79.7,304.9,2,0,0,0,1,0,13
300442,STAY,35,2,45.69,96.5,1,1,1,1,0,0,16
300443,CANCEL,73,1,82.91,82.89,2,1,3,1,1,0,19
300444,CANCEL,143,2,142.06,310.9,1,1,0,0,1,0,10
300445,STAY,72,4,88.96,338.25,4,2,0,1,0,0,14
300446,STAY,40,3,104.26,329.94,2,0,2,1,0,0,14
300447,STAY,48,2,103.2,202.08,1,2,1,0,1,0,18
300448,STAY,53,2,74.72,123.59,2,1,0,1,1,1,11
300449,CANCEL,74,1,168.8,166.51,6,2,0,1,0,0,13
300450,STAY,26,3,210.0,643.6,1,0,0,0,1,1,11
300451,CANCEL,84,4,91.17,358.98,1,3,0,0,1,1,19
300452,STAY,44,1,89.73,90.94,5,0,1,0,1,0,12
300453,CANCEL,95,1,115.64,123.65,2,2,0,0,0,0,11
300454,CANCEL,73,5,129.33,608.26,3,0,1,1,1,0,10
300455,STAY,22,1,91.0,94.29,2,1,2,0,1,1,18
300456,STAY,34,2,56.56,121.58,1,0,1,0,1,0,17
300457,STAY,33,4,177.53,704.58,3,1,1,0,0,0,11
300458,STAY,65,2,98.49,212.96,1,0,0,0,0,0,16
300459,STAY,55,4,92.37,371.61,3,0,2,1,0,0,17
300460,STAY,88,2,212.71,396.52,1,0,0,0,1,0,22
300461,CANCEL,19,1,108.56,89.92,3,0,1,1,1,1,10
300462,STAY,57,1,98.76,90.52,3,0,0,0,1,0,16
300463,STAY,81,2,92.61,173.55,3,0,2,1,0,1,13
300464,CANCEL,77,3,145.64,454.0,1,0,0,0,0,0,21
300465,CANCEL,122,5,120.03,613.45,3,3,0,0,1,0,11
300466,STAY,26,2,118.0,201.81,1,0,1,1,1,0,17
300467,STAY,141,1,149.05,156.7,2,1,1,0,1,0,18
300468,STAY,47,1,99.43,131.83,3,0,0,0,1,1,11
300469,CANCEL,75,1,96.79,123.06,2,1,0,0,0,0,11
300470,CANCEL,25,1,48.52,44.77,3,0,0,1,0,0,12
300471,CANCEL,40,3,353.95,1048.4,3,2,0,0,0,0,22
300472,STAY,34,2,96.36,152.87,2,0,0,0,1,0,18
300473,STAY,95,1,91.8,91.23,4,0,1,0,1,1,16
300474,STAY,24,3,112.69,345.2,3,0,0,0,1,1,15
300475,STAY,37,3,99.95,284.23,1,2,2,1,1,0,20
300476,CANCEL,108,2,144.07,280.31,3,3,1,1,0,1,18
300477,CANCEL,76,3,74.25,246.78,5,2,0,0,1,1,13
300478,CANCEL,72,9,83.65,751.95,3,0,1,0,1,0,13
300479,CANCEL,40,3,80.25,257.05,2,1,0,0,0,1,18
300480,STAY,67,3,149.57,448.17,4,1,0,0,1,0,10
300481,STAY,42,1,89.96,62.26,1,0,1,0,0,1,12
300482,CANCEL,98,2,175.74,365.43,1,0,2,1,1,0,18
300483,STAY,55,2,147.7,297.53,2,0,0,0,1,0,10
300484,CANCEL,71,1,64.65,77.51,1,2,1,0,0,0,16
300485,STAY,61,1,76.49,68.21,3,0,0,1,0,1,16
300486,STAY,31,5,79.32,385.36,3,0,1,0,0,0,12
300487,STAY,60,3,91.24,275.12,3,0,1,0,0,0,11
300488,CANCEL,132,3,108.29,353.7,1,2,0,0,1,0,20
300489,STAY,53,4,71.12,296.61,2,0,2,0,0,0,10
300490,CANCEL,46,2,104.43,220.82,5,2,0,0,0,1,12
300491,STAY,39,3,94.24,271.07,1,0,0,0,0,0,12
300492,CANCEL,150,2,86.36,201.77,1,0,1,1,1,0,19
300493,CANCEL,87,1,85.13,90.87,2,1,0,0,1,0,18
300494,CANCEL,48,3,132.91,416.74,1,2,0,0,1,0,10
300495,STAY,82,3,69.14,229.72,1,0,1,0,0,0,17
300496,STAY,101,4,95.14,365.04,4,1,1,0,1,0,18
300497,CANCEL,54,4,55.63,218.66,2,2,0,0,0,0,21
300498,STAY,29,1,168.84,174.64,2,0,0,1,1,0,10
300499,STAY,38,1,85.64,94.1,1,1,1,0,0,0,14
300500,STAY,61,3,159.68,462.3,2,0,1,0,0,0,21
300501,STAY,65,2,79.3,146.62,2,0,0,0,0,1,11
300502,CANCEL,25,2,131.46,227.34,6,1,0,0,1,0,10
300503,STAY,96,1,55.32,40.0,2,0,0,1,1,0,12
300504,CANCEL,80,1,157.64,160.27,3,0,0,0,1,0,16
300505,CANCEL,51,4,109.15,466.78,3,1,0,0,1,1,11
300506,STAY,39,4,63.91,259.36,2,0,1,0,1,0,20
300507,CANCEL,43,5,61.74,316.62,1,1,0,0,1,0,11
300508,STAY,59,1,92.68,130.73,5,1,0,1,1,0,14
300509,CANCEL,68,1,105.02,94.38,1,1,1,0,1,0,20
300510,STAY,26,2,60.75,98.3,1,1,2,0,1,0,12
300511,STAY,43,4,132.8,562.09,2,1,1,0,1,0,19
300512,CANCEL,68,3,121.06,370.6,1,0,1,1,0,1,12
300513,STAY,39,1,114.23,115.32,1,0,0,1,1,0,16
300514,CANCEL,78,1,136.32,136.16,3,0,1,1,1,0,11
300515,STAY,63,4,48.25,217.03,2,0,3,0,1,1,11
300516,CANCEL,50,2,176.05,343.42,2,0,1,1,0,1,18
300517,STAY,39,1,71.51,87.68,2,0,1,1,0,0,19
300518,STAY,41,3,89.76,252.29,4,2,0,1,0,1,10
300519,STAY,37,1,86.79,57.45,1,2,4,1,1,0,19
300520,STAY,44,1,132.47,134.03,1,0,2,0,1,0,15
300521,CANCEL,57,6,128.39,773.16,1,2,2,0,1,0,14
300522,CANCEL,57,1,96.25,101.26,3,1,1,0,1,0,10
300523,STAY,37,5,120.32,584.21,1,1,21,0,0,0,19
300524,STAY,56,3,82.08,224.47,1,1,0,1,1,1,21
300525,STAY,52,3,58.46,171.33,1,1,0,0,0,0,15
300526,STAY,44,3,116.26,369.5,4,0,1,0,1,0,18
300527,STAY,119,4,117.95,484.33,3,1,3,1,1,1,13
300528,CANCEL,65,2,150.57,307.13,1,1,0,0,0,0,17
300529,STAY,31,3,87.65,271.6,2,1,1,1,0,0,14
300530,CANCEL,90,5,214.78,1093.51,1,3,1,0,1,0,12
300531,STAY,64,3,62.59,165.57,1,1,1,0,0,1,16
300532,CANCEL,89,4,216.35,865.84,1,1,0,1,0,0,13
300533,STAY,61,6,136.45,833.17,3,1,0,1,0,1,21
300534,STAY,129,3,92.88,297.76,2,3,2,0,1,1,10
300535,CANCEL,41,6,63.46,398.89,1,0,0,0,1,0,22
300536,CANCEL,47,2,64.82,134.85,1,0,2,0,1,0,12
300537,STAY,65,5,120.84,581.15,3,1,1,0,0,1,12
300538,CANCEL,128,1,66.02,63.92,1,2,0,0,1,0,20
300539,STAY,32,2,79.49,173.94,1,0,0,0,1,0,19
300540,STAY,103,6,118.06,693.01,1,2,2,1,0,0,21
300541,CANCEL,66,2,146.74,273.51,3,0,1,0,0,0,22
300542,STAY,97,1,122.2,91.62,1,0,1,0,1,1,22
300543,CANCEL,57,2,137.03,278.59,2,0,0,0,1,0,14
300544,STAY,38,1,111.2,109.58,1,1,4,1,0,0,15
300545,CANCEL,80,1,78.43,82.56,2,1,1,0,1,0,18
300546,STAY,55,5,109.15,586.02,2,1,2,0,1,0,11
300547,STAY,36,6,85.66,532.21,4,0,1,0,0,0,12
300548,CANCEL,38,1,65.16,73.85,1,1,0,1,0,0,19
300549,STAY,166,6,80.42,512.32,1,1,1,1,0,0,12
300550,STAY,61,3,59.44,179.19,2,0,1,0,1,0,20
300551,CANCEL,88,6,69.6,428.0,3,0,1,0,1,0,16
300552,STAY,51,1,202.51,202.08,1,0,0,0,1,1,17
300553,STAY,125,1,64.65,72.8,2,0,1,0,0,0,11
300554,STAY,30,4,201.39,784.33,2,0,0,0,1,1,11
300555,STAY,33,3,107.92,316.65,4,0,0,0,1,0,13
300556,CANCEL,91,1,115.36,99.86,1,2,1,1,0,0,19
300557,STAY,23,2,92.49,150.19,1,1,1,1,1,1,14
300558,STAY,58,4,112.53,418.4,1,0,2,0,0,1,18
300559,STAY,28,4,119.3,446.64,2,0,0,0,1,0,20
300560,CANCEL,149,3,64.04,160.28,2,2,2,1,0,0,20
300561,STAY,56,1,114.36,133.46,1,1,1,0,0,0,18
300562,STAY,32,2,77.03,183.38,3,0,1,0,0,1,18
300563,STAY,52,4,88.51,382.17,1,0,0,1,1,1,20
300564,STAY,36,4,95.89,389.21,3,1,1,0,1,0,10
300565,CANCEL,55,2,113.41,221.12,3,0,2,0,0,0,11
300566,STAY,31,4,235.01,913.14,3,0,0,0,1,0,17
300567,STAY,7,1,142.73,126.45,5,0,1,0,1,0,18
300568,CANCEL,98,3,78.2,278.46,1,0,0,0,1,1,10
300569,STAY,82,3,90.72,260.58,2,0,0,0,1,0,13
300570,STAY,36,2,64.97,109.54,4,0,1,1,0,0,12
300571,STAY,31,1,113.06,118.34,4,0,0,1,0,0,19
300572,CANCEL,39,1,48.81,40.0,3,2,3,1,1,1,22
300573,CANCEL,51,1,69.67,88.38,5,0,1,0,1,1,19
300574,STAY,30,2,99.68,172.24,3,1,1,0,1,0,20
300575,CANCEL,39,3,229.93,693.76,3,2,0,0,1,0,18
300576,CANCEL,14,4,109.57,418.36,1,1,1,1,1,0,14
300577,STAY,84,1,175.43,171.42,4,0,0,1,0,0,17
300578,STAY,23,3,197.83,599.4,5,0,1,0,1,0,12
300579,STAY,65,1,100.46,118.03,1,0,1,0,1,1,16
300580,STAY,85,2,148.23,321.49,2,0,1,1,1,0,14
300581,STAY,55,1,71.3,90.86,3,2,1,0,0,0,14
300582,CANCEL,47,1,127.21,141.24,3,1,0,0,1,1,12
300583,CANCEL,60,2,87.82,192.7,3,3,0,0,1,0,20
300584,STAY,63,1,128.59,148.58,2,3,2,0,1,1,16
300585,STAY,118,2,73.59,163.99,1,0,2,1,1,1,20
300586,STAY,146,1,92.72,119.64,2,0,2,0,1,0,15
300587,CANCEL,65,5,210.96,1046.54,1,1,0,1,1,0,13
300588,STAY,45,3,83.18,252.53,2,1,1,1,1,0,20
300589,STAY,33,3,111.89,333.37,1,0,0,1,0,1,21
300590,CANCEL,50,3,108.79,342.62,6,1,0,1,0,1,21
300591,STAY,23,4,110.32,428.77,2,2,2,0,1,0,10
300592,STAY,77,3,174.95,509.34,1,2,1,0,0,0,10
300593,CANCEL,124,4,171.94,681.21,1,1,1,0,1,0,10
300594,STAY,43,3,58.27,156.96,1,0,2,0,0,0,16
300595,CANCEL,54,1,96.76,104.13,2,1,2,0,0,0,21
300596,CANCEL,42,2,78.61,168.25,3,0,0,1,1,0,13
300597,CANCEL,49,3,153.76,448.87,7,1,2,0,0,0,12
300598,CANCEL,89,3,201.29,635.93,1,2,1,1,1,0,18
300599,CANCEL,37,5,91.66,472.22,5,1,2,1,1,0,11
300600,STAY,25,1,83.21,95.69,1,0,0,0,1,1,20
300601,STAY,48,2,70.55,140.97,3,1,0,0,1,0,12
300602,CANCEL,133,4,236.52,954.9,1,3,2,0,1,0,10
300603,STAY,51,2,153.18,342.56,1,1,1,0,1,1,14
300604,STAY,43,2,105.76,208.6,2,0,0,0,1,1,11
300605,STAY,77,2,120.78,253.08,5,0,1,0,1,0,16
300606,CANCEL,40,3,96.68,290.34,1,0,0,0,0,0,11
300607,STAY,30,4,82.38,303.84,4,1,1,1,0,1,11
300608,STAY,53,1,81.46,52.03,3,0,0,0,1,0,21
300609,STAY,68,6,105.93,617.12,1,1,0,1,1,0,11
300610,STAY,29,1,89.0,70.86,3,0,1,0,0,0,12
300611,STAY,75,1,83.05,106.62,4,0,2,1,0,0,19
300612,STAY,74,6,87.65,517.11,2,1,1,0,1,1,15
300613,CANCEL,43,1,127.24,134.13,1,1,2,0,0,1,21
300614,STAY,56,2,218.18,431.33,1,0,2,0,0,1,16
300615,CANCEL,95,1,87.52,90.07,1,4,0,0,1,0,12
300616,STAY,71,5,109.73,551.03,4,2,0,1,1,0,13
300617,STAY,99,1,136.13,95.43,1,0,1,0,0,0,14
300618,CANCEL,102,4,80.61,310.78,2,0,0,0,1,0,10
300619,STAY,57,1,174.49,135.95,2,0,0,1,1,1,14
300620,STAY,78,2,130.74,259.2,3,0,0,0,1,1,20
300621,CANCEL,130,4,127.01,531.28,1,0,1,1,1,1,10
300622,STAY,128,1,99.35,91.39,1,0,1,0,0,0,15
300623,CANCEL,59,3,182.0,545.75,2,2,0,0,1,0,21
300624,STAY,40,4,93.58,382.99,1,1,2,0,1,0,10
300625,STAY,20,3,113.75,325.93,5,0,0,0,1,0,16
300626,CANCEL,49,3,106.81,335.45,2,0,1,0,0,0,22
300627,STAY,35,3,163.09,473.9,5,0,0,1,1,0,11
300628,STAY,72,1,46.41,70.81,4,0,0,0,0,0,10
300629,CANCEL,43,3,57.96,179.17,2,1,1,0,1,0,17
300630,CANCEL,72,4,165.38,639.85,6,2,1,1,1,0,21
300631,CANCEL,71,3,50.42,134.5,3,0,0,0,1,0,17
300632,STAY,26,2,103.98,229.36,1,0,0,0,0,0,10
300633,CANCEL,125,5,54.59,233.36,1,1,2,1,1,0,13
300634,CANCEL,32,2,135.61,250.2,3,2,1,0,1,0,18
300635,STAY,40,1,59.77,55.99,3,0,1,0,0,1,22
300636,STAY,83,2,163.97,337.72,3,0,0,1,0,0,14
300637,STAY,64,2,60.25,102.75,3,1,1,1,1,0,20
300638,CANCEL,68,5,101.88,484.64,3,1,0,0,0,0,20
300639,STAY,53,1,135.95,165.39,2,0,14,0,1,0,19
300640,STAY,47,4,199.38,783.98,2,2,1,0,1,0,19
300641,CANCEL,63,4,100.46,378.14,1,0,0,1,0,0,20
300642,STAY,40,1,110.09,139.28,5,2,0,0,0,0,20
300643,CANCEL,52,1,64.16,50.26,2,3,0,0,1,0,12
300644,STAY,41,5,71.7,353.07,2,0,2,0,1,1,19
300645,STAY,85,1,124.89,123.78,1,0,0,1,1,0,16
300646,STAY,84,2,77.93,160.2,1,0,3,0,1,0,14
300647,STAY,52,5,53.97,278.35,3,0,0,0,1,0,11
300648,STAY,66,1,86.15,90.12,6,1,1,0,0,0,19
300649,STAY,22,2,113.33,229.96,4,0,4,0,0,1,19
300650,STAY,165,2,63.18,130.88,1,0,2,0,1,0,14
300651,STAY,129,6,140.85,859.43,2,0,0,1,0,0,12
300652,CANCEL,93,7,134.68,958.39,2,0,2,0,1,0,17
300653,STAY,45,2,63.93,109.66,2,0,0,0,0,0,19
300654,CANCEL,57,2,123.61,244.53,4,1,0,0,0,0,14
300655,CANCEL,41,3,46.34,163.3,3,0,0,0,1,0,10
300656,STAY,42,3,59.67,174.49,3,0,0,0,0,0,15
300657,STAY,121,1,129.65,141.77,1,1,2,0,0,0,21
300658,STAY,39,1,85.19,82.37,2,0,2,1,1,0,12
300659,STAY,48,1,67.83,52.07,1,0,1,0,0,1,20
300660,STAY,70,2,121.91,234.24,1,0,1,0,1,0,10
300661,STAY,51,4,117.43,471.64,1,1,0,0,1,0,12
300662,CANCEL,80,2,127.93,279.84,1,1,2,0,1,0,21
300663,STAY,48,1,121.89,131.5,1,1,0,0,1,1,16
300664,CANCEL,39,6,153.68,909.42,3,1,1,0,0,0,18
300665,STAY,69,1,108.65,124.92,4,0,0,1,0,1,12
300666,STAY,79,1,141.2,145.09,1,0,0,0,0,0,15
300667,STAY,71,2,239.7,441.33,1,1,3,0,0,0,15
300668,CANCEL,31,4,74.58,325.28,1,1,1,0,0,0,13
300669,STAY,27,2,117.1,256.97,3,1,0,0,0,0,19
300670,STAY,91,1,86.63,106.05,1,0,0,1,1,0,15
300671,STAY,123,2,165.85,353.54,1,0,1,1,1,0,19
300672,STAY,52,3,150.43,430.64,2,0,0,0,1,0,20
300673,STAY,70,5,119.51,599.27,1,2,0,1,1,0,11
300674,STAY,39,2,184.06,397.59,2,1,0,0,0,1,19
300675,CANCEL,63,2,130.93,263.09,1,0,0,0,1,0,12
300676,STAY,36,2,49.07,85.2,1,1,0,0,1,0,12
300677,STAY,52,1,101.67,81.82,5,2,2,0,1,0,11
300678,CANCEL,124,3,126.84,374.18,2,0,3,0,0,1,10
300679,CANCEL,121,2,135.49,252.41,1,2,0,0,1,0,19
300680,CANCEL,35,2,105.47,194.22,2,0,1,0,1,0,18
300681,CANCEL,118,4,202.92,791.09,1,1,1,1,0,0,18
300682,STAY,73,1,88.5,101.93,2,0,4,0,0,0,11
300683,CANCEL,51,2,170.46,322.06,2,1,1,0,1,0,13
300684,STAY,30,3,119.65,375.09,1,1,1,0,0,1,16
300685,CANCEL,93,2,100.85,192.42,3,0,0,1,1,0,14
300686,CANCEL,37,2,104.15,228.32,2,0,1,1,0,0,12
300687,STAY,54,2,182.7,350.94,1,1,0,1,1,0,10
300688,STAY,52,2,134.05,258.19,5,0,0,0,0,0,18
300689,STAY,87,3,57.81,200.19,1,0,1,0,1,0,13
300690,CANCEL,71,3,174.52,506.21,1,1,1,1,1,1,20
300691,STAY,74,1,45.16,51.35,3,1,2,0,1,1,10
300692,CANCEL,46,1,101.33,137.04,2,1,2,1,0,0,13
300693,STAY,50,4,112.29,439.74,2,1,1,0,0,0,20
300694,STAY,70,5,152.85,777.32,3,0,2,0,0,0,13
300695,STAY,48,2,98.99,185.78,2,1,0,1,1,0,12
300696,STAY,22,2,54.75,97.51,1,0,0,0,1,0,13
300697,CANCEL,88,1,105.26,94.39,2,0,1,0,1,0,13
300698,STAY,102,3,81.8,256.07,5,0,0,0,0,0,18
300699,STAY,49,2,110.13,224.61,1,0,1,0,0,0,20
300700,STAY,65,3,57.01,163.37,2,1,0,0,1,0,19
300701,STAY,99,3,90.93,261.23,1,0,1,0,1,0,19
300702,CANCEL,137,2,91.91,185.94,4,0,0,0,0,0,19
300703,CANCEL,46,4,313.82,1267.04,2,1,0,0,1,0,12
300704,CANCEL,119,4,115.58,468.89,1,1,2,0,1,0,17
300705,CANCEL,132,3,137.53,409.79,1,2,0,1,0,0,18
300706,CANCEL,31,5,91.56,474.78,4,0,0,0,1,0,11
300707,CANCEL,58,2,163.64,374.88,3,1,0,0,1,0,10
300708,STAY,50,1,91.96,124.14,1,0,0,1,1,1,20
300709,STAY,31,3,119.3,394.25,3,0,1,0,0,0,21
300710,STAY,60,5,85.63,425.2,2,0,1,1,0,0,20
300711,CANCEL,95,2,115.59,217.08,4,0,0,0,1,0,11
300712,CANCEL,78,1,139.99,142.79,2,2,0,0,1,1,19
300713,STAY,55,1,90.26,90.81,1,0,1,1,0,0,19
300714,CANCEL,36,2,363.08,729.39,3,0,0,1,0,0,17
300715,CANCEL,59,4,92.38,387.2,2,1,1,1,1,0,14
300716,CANCEL,66,1,89.34,91.21,1,2,0,0,1,1,11
300717,CANCEL,46,5,72.41,369.47,2,1,2,0,1,1,20
300718,STAY,99,2,109.01,231.71,3,3,0,0,0,1,17
300719,CANCEL,70,1,145.58,136.76,2,1,1,1,1,0,14
300720,STAY,88,3,92.64,288.83,3,1,0,1,0,0,19
300721,STAY,51,2,85.34,182.4,2,0,0,1,1,1,15
300722,STAY,61,3,71.35,202.87,1,0,4,1,1,0,12
300723,STAY,95,3,132.37,393.02,2,1,0,0,1,0,15
300724,STAY,69,2,105.6,238.83,1,1,11,0,1,0,12
300725,CANCEL,88,2,98.89,192.22,1,2,1,1,1,1,13
300726,STAY,13,4,91.14,359.59,3,0,3,1,0,0,20
300727,CANCEL,76,2,91.09,175.67,1,1,1,0,1,0,16
300728,STAY,27,4,85.8,341.07,3,0,1,1,1,0,13
300729,CANCEL,39,2,75.32,146.21,3,0,1,0,1,0,13
300730,STAY,47,1,108.65,125.13,1,0,0,0,0,1,19
300731,STAY,83,3,81.14,261.3,2,0,1,0,0,0,16
300732,CANCEL,65,1,131.76,138.03,2,0,1,0,1,0,22
300733,STAY,50,3,104.21,323.51,5,0,2,1,0,1,15
300734,CANCEL,97,1,55.21,73.21,3,2,0,0,0,0,11
300735,CANCEL,71,3,179.68,532.14,4,0,1,0,1,0,10
300736,CANCEL,56,5,89.38,438.23,4,0,0,0,0,0,14
300737,STAY,49,4,137.45,569.07,1,1,1,1,1,0,11
300738,CANCEL,68,3,100.9,327.35,2,1,0,1,1,0,12
300739,CANCEL,67,3,112.63,317.23,1,1,0,0,1,0,16
300740,CANCEL,115,3,148.88,465.14,2,1,0,0,1,0,12
