event_id,phishing,url_length,path_length,num_dots,num_hyphens,num_subdomains,has_ip,has_https,has_at,digit_ratio,redirect_count,request_hour
100001,PHISH,80,48,5,3,0,0,0,0,0.4516,1,15
100002,BENIGN,55,41,1,2,2,0,0,0,0.2373,0,6
100003,PHISH,94,52,4,1,4,0,0,0,0.2402,1,17
100004,BENIGN,35,26,2,1,1,1,1,0,0.2696,1,12
100005,PHISH,29,22,2,1,0,0,1,0,0.3606,0,5
100006,PHISH,72,41,3,1,2,1,1,0,0.4484,1,23
100007,BENIGN,37,30,3,2,3,0,0,0,0.5415,3,22
100008,PHISH,60,40,3,1,3,0,0,0,0.7301,1,13
100009,BENIGN,29,21,0,0,0,0,0,0,0.2154,0,0
100010,BENIGN,56,34,5,2,1,0,1,1,0.2962,1,9
100011,BENIGN,73,44,0,0,1,0,1,0,0.2079,2,12
100012,BENIGN,78,47,5,3,0,1,0,0,0.7329,1,22
100013,BENIGN,52,33,2,0,0,0,1,0,0.1889,2,17
100014,BENIGN,76,52,1,1,4,0,0,0,0.5482,1,5
100015,PHISH,76,47,0,1,1,0,1,0,0.6461,1,12
100016,BENIGN,33,17,2,2,0,0,1,0,0.295,0,4
100017,BENIGN,50,33,1,0,3,0,1,0,0.2596,1,11
100018,BENIGN,50,34,2,2,0,0,0,0,0.3102,0,12
100019,PHISH,74,48,3,2,0,1,0,0,0.2959,3,12
100020,PHISH,78,50,0,2,1,0,0,0,0.2655,0,10
100021,PHISH,74,44,2,2,3,1,0,0,0.4554,1,10
100022,BENIGN,66,37,1,1,0,0,1,0,0.3618,0,19
100023,BENIGN,68,39,4,2,0,0,0,1,0.4118,0,12
100024,PHISH,80,43,6,1,1,0,0,0,0.6764,2,1
100025,BENIGN,71,44,4,1,4,0,1,0,0.3317,0,17
100026,BENIGN,27,16,1,2,0,0,1,0,0.1977,2,14
100027,BENIGN,35,20,5,3,2,0,1,0,0.1133,1,16
100028,BENIGN,51,21,3,1,0,0,1,0,0.2218,1,17
100029,BENIGN,39,19,1,1,0,0,1,0,0.1603,0,4
100030,BENIGN,54,37,3,2,0,0,0,0,0.1842,0,23
100031,BENIGN,72,42,2,0,1,0,1,0,0.4824,1,23
100032,PHISH,102,64,3,2,0,1,1,0,0.4633,2,3
100033,BENIGN,17,5,3,0,0,0,1,0,0.7364,1,5
100034,BENIGN,31,24,1,0,2,0,1,0,0.5506,0,5
100035,BENIGN,45,27,0,4,1,1,0,0,0.0969,0,23
100036,BENIGN,70,44,1,0,1,0,0,0,0.2478,0,22
100037,BENIGN,48,37,0,1,0,0,1,0,0.4942,0,6
100038,BENIGN,73,50,5,0,1,0,1,1,0.2536,1,15
100039,BENIGN,30,17,1,2,0,0,0,0,0.2051,0,5
100040,BENIGN,52,30,4,2,2,0,1,0,0.3182,1,0
100041,BENIGN,66,39,1,0,1,0,1,0,0.095,0,5
100042,BENIGN,78,50,2,0,0,0,0,0,0.4199,2,1
100043,BENIGN,80,49,3,1,0,0,0,0,0.1994,2,20
100044,PHISH,49,28,0,1,3,1,1,0,0.0738,1,18
100045,PHISH,82,55,1,3,0,0,0,1,0.1893,1,4
100046,BENIGN,79,48,2,2,2,0,0,0,0.3012,0,13
100047,BENIGN,69,50,1,0,1,0,1,0,0.3066,1,4
100048,BENIGN,64,39,2,0,2,0,1,0,0.0798,4,13
100049,PHISH,44,33,2,1,2,0,0,0,0.291,3,21
100050,BENIGN,8,6,3,0,0,0,1,0,0.3296,0,21
100051,BENIGN,63,42,0,0,1,0,1,0,0.0631,0,19
100052,BENIGN,57,32,0,0,0,0,1,0,0.2585,0,5
100053,BENIGN,59,33,1,0,2,0,1,0,0.336,1,4
100054,PHISH,40,26,2,1,2,0,1,0,0.2574,1,3
100055,BENIGN,73,48,2,0,1,0,1,0,0.227,4,3
100056,PHISH,90,55,0,1,0,0,1,0,0.2426,0,14
100057,BENIGN,88,50,0,0,1,0,0,0,0.4738,1,15
100058,PHISH,73,40,3,1,1,0,1,0,0.3321,0,21
100059,BENIGN,38,18,2,0,0,0,1,0,0.5358,0,2
100060,BENIGN,29,11,1,2,0,0,1,0,0.2434,1,6
100061,BENIGN,70,43,1,1,0,0,1,0,0.1547,0,17
100062,PHISH,55,38,4,2,1,1,0,0,0.4664,1,16
100063,BENIGN,48,29,2,0,1,1,1,0,0.3497,0,10
100064,BENIGN,107,58,2,3,2,0,1,0,0.628,0,3
100065,PHISH,97,59,2,1,2,0,0,0,0.3123,0,11
100066,BENIGN,82,50,2,2,0,0,1,0,0.588,1,4
100067,BENIGN,50,38,3,0,1,0,1,0,0.1852,0,12
100068,BENIGN,66,35,0,1,0,0,0,0,0.1414,0,21
100069,BENIGN,49,29,0,1,0,0,1,0,0.2422,2,4
100070,BENIGN,66,46,2,1,2,0,0,1,0.177,2,2
100071,BENIGN,68,43,1,0,1,1,0,0,0.4395,0,17
100072,BENIGN,67,43,3,0,4,0,0,0,0.1237,1,0
100073,BENIGN,90,56,3,0,1,0,1,0,0.203,1,23
100074,BENIGN,59,37,0,0,0,0,0,0,0.1499,0,18
100075,BENIGN,46,31,3,1,0,0,1,0,0.1157,0,9
100076,BENIGN,22,10,3,0,0,1,1,0,0.2107,0,8
100077,BENIGN,53,35,1,0,0,1,0,0,0.4396,0,9
100078,PHISH,60,32,5,0,3,1,1,0,0.5708,2,9
100079,BENIGN,44,28,1,2,3,0,0,0,0.4681,0,20
100080,PHISH,102,63,1,3,1,0,0,1,0.8258,0,19
100081,PHISH,97,57,2,1,3,0,1,0,0.4593,0,4
100082,BENIGN,79,48,1,2,1,0,1,0,0.1981,0,4
100083,PHISH,81,48,2,1,3,0,0,0,0.2745,0,12
100084,BENIGN,67,37,5,1,0,0,1,0,0.0977,3,15
100085,BENIGN,39,22,1,0,0,0,1,0,0.1386,1,17
100086,BENIGN,45,24,3,0,1,0,1,0,0.1503,2,7
100087,BENIGN,55,35,3,2,1,0,0,0,0.1846,2,11
100088,BENIGN,66,36,3,2,2,0,1,0,0.3265,0,2
100089,BENIGN,46,31,2,0,1,0,1,0,0.2596,0,10
100090,BENIGN,41,21,5,0,1,0,0,1,0.2105,0,16
100091,BENIGN,44,25,1,0,0,0,1,0,0.1221,0,7
100092,BENIGN,70,41,4,0,1,0,1,0,0.3999,0,7
100093,PHISH,88,59,2,1,2,0,1,0,0.1007,0,11
100094,PHISH,70,44,3,0,2,0,0,0,0.6895,1,20
100095,PHISH,52,31,3,1,1,0,0,0,0.3117,0,14
100096,BENIGN,72,46,1,3,0,0,1,1,0.1782,1,22
100097,BENIGN,56,27,1,0,0,0,1,0,0.1074,1,1
100098,BENIGN,38,23,2,0,1,0,1,0,0.1102,0,20
100099,BENIGN,26,23,1,0,0,0,0,0,0.1736,0,1
100100,PHISH,81,50,5,0,0,0,1,1,0.3532,0,7
100101,BENIGN,69,43,3,2,1,0,0,0,0.2832,3,10
100102,BENIGN,51,33,4,1,2,0,0,0,0.1663,3,5
100103,BENIGN,58,39,2,0,0,0,1,0,0.3102,0,23
100104,PHISH,90,48,4,2,1,0,0,0,0.5983,0,21
100105,PHISH,46,22,6,1,1,0,1,0,0.3776,0,13
100106,PHISH,70,44,1,2,2,1,0,0,0.5479,1,10
100107,BENIGN,75,43,2,3,1,0,1,0,0.139,0,18
100108,PHISH,68,46,1,0,1,0,0,1,0.0567,1,16
100109,BENIGN,59,35,0,1,0,0,1,0,0.3811,3,11
100110,PHISH,81,43,4,1,2,1,1,0,0.6985,0,19
100111,PHISH,46,24,7,0,3,0,0,0,0.1239,0,4
100112,BENIGN,30,8,3,0,0,0,0,0,0.4264,1,6
100113,BENIGN,58,35,0,0,0,0,1,0,0.1746,0,0
100114,PHISH,71,43,3,1,3,0,0,0,0.1236,1,2
100115,BENIGN,67,40,1,1,1,1,1,0,0.0859,0,4
100116,PHISH,96,63,3,1,0,1,0,0,0.2549,1,14
100117,PHISH,72,48,3,1,1,0,1,0,0.2826,1,20
100118,BENIGN,52,31,3,2,0,0,1,0,0.2397,1,14
100119,BENIGN,53,25,2,1,3,0,0,0,0.0956,1,10
100120,BENIGN,71,46,5,2,1,0,0,0,0.4813,0,6
100121,BENIGN,62,40,0,2,1,0,1,0,0.206,1,2
100122,PHISH,59,37,1,1,3,0,1,0,0.2041,1,14
100123,BENIGN,46,31,1,0,0,0,0,0,0.0908,0,3
100124,BENIGN,49,26,4,0,0,0,1,0,0.0996,0,18
100125,BENIGN,29,25,2,1,1,0,1,0,0.393,1,9
100126,BENIGN,66,37,1,1,0,0,1,0,0.1258,0,8
100127,BENIGN,47,31,1,1,1,0,1,0,0.1929,1,0
100128,BENIGN,48,23,0,0,1,0,1,0,0.3545,2,5
100129,BENIGN,47,25,0,0,1,0,0,0,0.0498,0,0
100130,BENIGN,47,34,2,0,0,0,1,0,0.2693,0,17
100131,BENIGN,38,22,1,0,1,0,1,0,0.2258,1,11
100132,BENIGN,105,68,4,4,1,0,0,0,0.3229,0,18
100133,BENIGN,47,29,1,2,0,1,1,0,0.2672,3,13
100134,BENIGN,20,12,4,1,1,0,0,0,0.1187,2,22
100135,BENIGN,36,27,2,2,2,1,0,0,0.2252,0,18
100136,BENIGN,39,23,0,0,1,0,1,0,0.1764,0,3
100137,PHISH,84,45,3,2,1,0,0,0,0.3668,1,2
100138,BENIGN,59,33,4,0,2,1,0,0,0.2148,1,21
100139,PHISH,94,60,5,3,7,0,0,0,0.308,1,6
100140,BENIGN,8,6,1,0,2,0,1,0,0.0741,0,18
100141,PHISH,67,36,4,0,2,0,1,1,0.2772,0,15
100142,BENIGN,86,50,1,2,1,0,0,0,0.2142,1,16
100143,PHISH,64,37,1,2,1,0,0,1,0.8392,33,6
100144,BENIGN,59,35,4,2,0,0,1,0,0.1445,1,7
100145,BENIGN,48,24,2,2,2,0,0,0,0.3525,0,13
100146,BENIGN,36,20,4,0,1,0,1,0,0.2967,1,0
100147,BENIGN,48,27,6,0,2,0,1,0,0.0717,1,7
100148,PHISH,85,55,5,1,2,1,0,0,0.2572,2,12
100149,BENIGN,88,57,0,2,2,0,1,0,0.4312,0,4
100150,BENIGN,33,19,0,0,0,0,1,0,0.1865,0,6
100151,PHISH,108,65,3,2,2,1,1,1,0.5695,1,23
100152,BENIGN,81,50,3,0,1,0,0,0,0.4549,1,6
100153,BENIGN,72,41,2,0,2,0,1,0,0.1524,0,21
100154,PHISH,63,35,2,3,1,0,0,0,0.2172,1,22
100155,BENIGN,45,24,2,1,1,0,1,0,0.0908,0,16
100156,PHISH,76,44,5,2,2,0,0,0,0.2383,2,3
100157,BENIGN,102,59,2,0,1,0,0,0,0.1053,0,4
100158,BENIGN,83,52,2,0,0,0,0,0,0.1525,1,22
100159,PHISH,61,40,6,0,5,0,1,1,0.3177,1,0
100160,PHISH,90,50,1,2,4,0,0,0,0.214,2,12
100161,BENIGN,37,23,3,0,3,0,1,0,0.4839,0,14
100162,PHISH,74,45,5,1,2,1,1,1,0.3183,0,20
100163,BENIGN,63,40,0,0,2,0,1,0,0.0924,0,21
100164,BENIGN,40,24,2,0,0,0,1,0,0.4008,0,6
100165,PHISH,69,37,1,0,2,0,1,1,0.2779,1,12
100166,BENIGN,56,30,2,1,1,0,1,0,0.2765,0,15
100167,PHISH,83,51,1,2,1,1,1,0,0.2093,2,23
100168,BENIGN,83,55,4,0,3,1,1,0,0.1869,2,13
100169,PHISH,22,5,1,2,2,0,1,0,0.2238,1,2
100170,PHISH,94,59,3,0,1,0,0,1,0.3319,0,22
100171,BENIGN,36,26,0,0,1,0,1,0,0.0832,0,12
100172,PHISH,39,23,2,2,3,1,1,0,0.3595,0,4
100173,BENIGN,49,32,1,2,1,0,1,0,0.2483,2,4
100174,PHISH,84,49,3,1,2,0,1,0,0.6392,1,4
100175,BENIGN,34,20,0,0,1,0,1,0,0.3387,0,17
100176,BENIGN,53,27,1,0,0,1,1,0,0.2326,1,22
100177,BENIGN,37,14,3,1,1,1,1,0,0.1864,1,10
100178,PHISH,79,52,2,3,1,1,0,0,0.3869,2,2
100179,PHISH,71,40,3,1,2,1,1,0,0.7172,2,21
100180,BENIGN,73,43,8,1,2,0,1,0,0.1612,1,15
100181,PHISH,85,47,1,0,1,1,0,0,0.7424,0,13
100182,BENIGN,64,34,5,2,1,0,0,0,0.2738,1,1
100183,BENIGN,74,45,2,2,2,0,1,0,0.1905,2,23
100184,BENIGN,54,30,3,1,1,0,1,0,0.4136,0,1
100185,BENIGN,44,28,1,2,0,0,1,1,0.6312,0,14
100186,BENIGN,38,25,1,1,3,0,1,0,0.6215,0,14
100187,PHISH,55,35,2,1,0,1,1,0,0.6002,1,12
100188,BENIGN,38,24,4,0,0,0,1,0,0.0288,1,13
100189,BENIGN,72,50,2,3,2,0,0,0,0.3952,1,9
100190,PHISH,50,27,4,0,0,1,1,0,0.2493,0,13
100191,BENIGN,86,53,4,1,3,0,1,0,0.4899,2,8
100192,BENIGN,64,43,1,1,0,0,1,0,0.1825,2,11
100193,BENIGN,26,20,1,1,0,0,1,0,0.2929,1,16
100194,BENIGN,59,31,2,1,2,0,1,1,0.2278,1,17
100195,BENIGN,27,15,0,0,0,0,1,0,0.3057,0,3
100196,BENIGN,51,36,2,0,0,0,1,0,0.3942,0,23
100197,PHISH,86,55,0,2,0,0,0,1,0.1695,2,2
100198,PHISH,73,45,3,4,3,1,0,0,0.3467,1,6
100199,PHISH,8,4,2,0,0,0,1,0,0.5904,0,8
100200,BENIGN,25,14,0,0,2,0,1,0,0.1514,1,7
100201,PHISH,61,38,6,2,3,0,0,0,0.4797,2,8
100202,BENIGN,75,45,3,1,1,0,0,0,0.286,4,7
100203,PHISH,55,33,3,2,2,1,0,0,0.2318,0,10
100204,BENIGN,45,28,1,1,0,0,1,0,0.1103,1,18
100205,BENIGN,33,18,2,1,0,0,1,0,0.2762,1,19
100206,BENIGN,65,42,1,1,1,0,0,0,0.19,0,8
100207,BENIGN,33,30,1,0,2,0,1,1,0.2934,0,6
100208,BENIGN,56,28,0,2,3,0,1,0,0.2628,1,16
100209,BENIGN,51,32,2,1,2,0,1,0,0.1391,0,1
100210,PHISH,37,20,3,2,2,0,1,0,0.2996,0,10
100211,PHISH,77,49,5,3,4,1,1,0,0.1811,2,5
100212,BENIGN,67,41,2,1,2,0,1,0,0.4492,1,14
100213,BENIGN,45,30,1,1,0,0,0,0,0.0647,2,1
100214,BENIGN,102,67,3,2,2,0,1,0,0.2095,1,19
100215,PHISH,62,39,2,1,2,0,0,1,0.4278,2,6
100216,BENIGN,106,69,1,2,4,0,1,0,0.3851,3,12
100217,BENIGN,40,16,1,0,1,0,1,0,0.4452,0,13
100218,BENIGN,23,19,1,0,1,0,1,0,0.4251,0,11
100219,BENIGN,83,52,0,1,2,0,0,0,0.4423,2,10
100220,BENIGN,39,27,1,0,1,0,1,0,0.2281,1,6
100221,BENIGN,40,20,2,0,1,0,1,0,0.3273,0,18
100222,BENIGN,67,38,1,0,1,0,1,0,0.2056,1,12
100223,PHISH,78,48,2,0,2,1,1,0,0.5514,2,5
100224,BENIGN,73,45,5,2,2,0,0,0,0.6321,1,6
100225,BENIGN,67,42,2,0,1,0,1,0,0.1454,0,10
100226,BENIGN,100,65,3,3,3,0,1,0,0.3309,1,20
100227,BENIGN,62,32,2,0,0,0,0,0,0.4425,1,23
100228,BENIGN,73,48,1,3,1,0,1,0,0.1978,0,9
100229,PHISH,90,55,3,1,3,0,1,0,0.3414,2,9
100230,BENIGN,12,6,2,0,0,0,1,0,0.2996,2,3
100231,BENIGN,39,19,0,0,1,0,1,0,0.1372,0,13
100232,BENIGN,44,29,2,1,0,0,1,0,0.291,1,5
100233,BENIGN,86,44,2,1,1,0,1,0,0.5528,2,19
100234,PHISH,57,37,2,0,2,1,1,0,0.1286,2,12
100235,PHISH,80,44,5,3,1,0,0,0,0.2882,2,5
100236,PHISH,106,65,4,1,3,0,1,0,0.2089,2,21
100237,PHISH,57,34,1,1,1,0,0,1,0.1562,2,19
100238,PHISH,82,54,1,1,0,1,0,0,0.5956,1,7
100239,BENIGN,35,21,1,0,0,0,1,0,0.1679,0,2
100240,BENIGN,44,24,1,1,1,0,1,0,0.3258,0,6
100241,BENIGN,77,45,2,0,3,0,1,0,0.2592,1,9
100242,PHISH,83,55,5,3,2,1,1,0,0.3933,0,9
100243,BENIGN,67,43,2,0,1,0,1,0,0.3644,1,19
100244,BENIGN,89,53,1,0,1,0,1,0,0.5794,0,23
100245,BENIGN,72,43,4,1,1,0,1,0,0.6305,0,17
100246,PHISH,89,49,3,1,0,1,1,0,0.619,3,20
100247,BENIGN,48,31,2,1,0,0,1,0,0.2689,1,3
100248,PHISH,56,28,2,1,2,0,0,0,0.1997,0,3
100249,BENIGN,71,46,5,2,1,0,0,0,0.1039,0,21
100250,BENIGN,72,45,3,2,1,0,1,0,0.3426,0,14
100251,BENIGN,72,52,1,1,0,0,0,0,0.3005,0,5
100252,PHISH,93,53,1,1,4,0,1,0,0.5886,0,19
100253,PHISH,67,41,1,0,3,0,0,0,0.1631,2,4
100254,BENIGN,69,49,3,0,1,0,1,0,0.2431,0,18
100255,PHISH,53,37,2,1,1,0,0,1,0.1773,1,21
100256,PHISH,68,39,3,2,5,0,1,0,0.2599,2,11
100257,PHISH,82,51,4,1,1,0,1,0,0.6998,21,15
100258,BENIGN,8,4,2,2,0,0,0,0,0.0494,2,17
100259,BENIGN,47,30,0,0,0,0,1,0,0.1275,3,21
100260,BENIGN,8,2,5,1,0,0,1,0,0.2376,0,14
100261,BENIGN,17,10,2,0,2,0,1,0,0.2154,2,7
100262,BENIGN,84,46,2,2,2,0,0,0,0.1962,1,4
100263,BENIGN,60,37,3,0,2,0,1,0,0.3469,0,8
100264,BENIGN,26,17,0,1,0,0,1,0,0.1469,0,1
100265,BENIGN,70,42,4,2,1,0,0,0,0.5161,0,16
100266,BENIGN,67,35,0,1,0,0,1,0,0.6559,0,8
100267,BENIGN,43,30,1,1,0,0,1,0,0.2757,1,17
100268,PHISH,81,51,3,1,0,0,1,0,0.29,0,1
100269,BENIGN,43,24,0,0,0,0,0,0,0.3442,0,7
100270,PHISH,45,26,1,0,0,0,1,0,0.2427,0,9
100271,BENIGN,66,35,3,0,1,0,1,0,0.0634,0,2
100272,BENIGN,48,26,4,0,1,0,1,0,0.0716,0,19
100273,BENIGN,24,12,1,1,0,0,1,0,0.657,0,14
100274,BENIGN,64,43,5,1,0,1,1,0,0.1487,1,20
100275,BENIGN,70,41,1,1,1,1,0,0,0.232,0,19
100276,BENIGN,35,23,2,0,1,0,1,0,0.3466,0,0
100277,BENIGN,49,28,3,0,1,0,1,0,0.5444,0,20
100278,BENIGN,50,31,2,1,2,0,1,0,0.136,0,1
100279,PHISH,94,57,0,2,2,1,1,0,0.4926,1,20
100280,BENIGN,79,52,8,0,0,0,0,0,0.4534,0,16
100281,BENIGN,35,19,0,0,0,0,1,0,0.0697,1,19
100282,BENIGN,45,22,0,1,0,0,1,0,0.193,0,11
100283,BENIGN,52,27,3,1,2,0,1,0,0.1485,1,3
100284,BENIGN,59,34,1,0,0,0,1,0,0.0745,1,3
100285,BENIGN,49,26,7,3,2,0,1,0,0.5238,2,2
100286,PHISH,41,26,0,1,3,0,1,1,0.526,0,19
100287,BENIGN,58,34,1,0,0,0,1,0,0.0182,2,12
100288,PHISH,49,38,2,1,2,0,1,0,0.1176,1,5
100289,BENIGN,40,18,5,2,0,0,1,0,0.4987,1,2
100290,BENIGN,49,31,0,1,1,0,1,0,0.1634,1,1
100291,PHISH,85,48,3,3,2,1,1,0,0.2629,1,6
100292,BENIGN,16,8,2,0,0,0,1,0,0.0461,1,17
100293,BENIGN,86,53,2,3,0,0,1,0,0.2489,3,21
100294,BENIGN,54,25,1,0,1,0,1,0,0.0661,0,14
100295,BENIGN,84,52,2,2,4,0,1,0,0.4867,2,23
100296,PHISH,91,63,1,3,4,0,0,0,0.3079,2,9
100297,PHISH,62,36,4,3,2,0,1,0,0.3005,2,7
100298,PHISH,81,51,2,2,2,1,0,0,0.3775,2,16
100299,BENIGN,70,46,3,2,2,0,0,0,0.2072,2,3
100300,PHISH,61,37,3,0,2,1,1,0,0.2598,3,21
100301,BENIGN,89,53,2,1,2,0,1,0,0.2778,0,18
100302,BENIGN,68,34,4,2,0,0,1,0,0.2667,1,0
100303,BENIGN,92,59,0,0,2,0,1,0,0.2583,2,4
100304,PHISH,83,51,2,0,3,0,1,0,0.2943,0,15
100305,PHISH,77,44,2,3,2,0,1,0,0.6495,3,17
100306,BENIGN,65,40,0,0,3,0,0,0,0.3966,1,5
100307,BENIGN,68,40,4,0,1,0,1,0,0.3502,1,17
100308,BENIGN,70,41,3,3,3,0,0,0,0.1993,0,11
100309,BENIGN,52,34,1,1,0,1,1,0,0.1206,1,16
100310,BENIGN,57,30,5,2,0,0,1,0,0.1705,1,10
100311,BENIGN,59,40,0,1,2,0,0,0,0.1769,0,10
100312,BENIGN,46,23,2,1,2,0,0,0,0.252,0,9
100313,BENIGN,42,23,2,0,1,0,1,0,0.1226,1,3
100314,BENIGN,65,47,1,0,0,0,1,0,0.244,1,4
100315,BENIGN,55,38,0,0,1,0,1,0,0.2535,1,4
100316,BENIGN,59,36,0,0,0,0,1,0,0.2131,0,19
100317,BENIGN,66,37,2,0,0,0,1,0,0.4005,1,10
100318,BENIGN,64,37,1,2,2,0,1,0,0.328,1,9
100319,BENIGN,64,39,0,2,3,0,1,0,0.3549,2,20
100320,PHISH,89,55,5,3,2,1,0,0,0.5946,3,21
100321,PHISH,62,38,7,1,2,1,1,1,0.276,0,5
100322,BENIGN,84,51,0,0,1,0,1,0,0.533,1,8
100323,BENIGN,45,27,0,2,0,0,1,0,0.0756,1,9
100324,BENIGN,37,17,1,0,1,0,0,0,0.3763,1,20
100325,PHISH,62,36,4,0,5,0,0,0,0.3103,1,16
100326,BENIGN,52,35,2,0,1,1,1,0,0.2669,1,13
100327,PHISH,77,42,2,0,3,1,0,1,0.2367,1,5
100328,BENIGN,59,35,3,0,1,0,1,0,0.5132,1,9
100329,PHISH,62,35,3,1,0,0,0,0,0.2974,1,0
100330,BENIGN,61,38,2,1,0,0,1,0,0.3886,0,16
100331,BENIGN,78,46,1,0,0,0,1,0,0.1664,0,22
100332,BENIGN,52,37,0,1,1,0,1,0,0.0407,0,18
100333,PHISH,77,49,2,1,2,0,0,0,0.4501,2,7
100334,PHISH,89,50,5,3,3,0,0,0,0.3334,3,11
100335,BENIGN,10,8,0,1,0,0,1,0,0.0481,1,22
100336,PHISH,61,35,4,3,3,0,0,0,0.345,1,10
100337,BENIGN,8,2,2,0,0,0,1,0,0.4084,3,20
100338,BENIGN,73,46,1,2,3,0,0,1,0.2613,1,13
100339,BENIGN,41,23,1,0,2,0,0,0,0.3334,1,11
100340,PHISH,99,64,2,0,2,1,1,0,0.5323,1,14
100341,BENIGN,63,36,0,0,1,0,1,0,0.1079,0,5
100342,PHISH,87,51,2,1,3,0,1,0,0.5605,0,10
100343,BENIGN,68,39,2,0,2,0,1,0,0.2962,0,7
100344,BENIGN,74,43,4,1,1,1,1,0,0.4555,1,18
100345,PHISH,67,45,6,0,1,0,1,0,0.678,3,14
100346,PHISH,76,49,2,1,2,1,0,0,0.2056,1,9
100347,PHISH,99,67,1,3,4,0,1,0,0.2911,0,19
100348,BENIGN,41,33,1,0,2,0,1,0,0.5925,1,10
100349,PHISH,79,45,2,0,2,0,0,0,0.2502,2,22
100350,BENIGN,53,33,1,0,1,0,1,0,0.2135,1,14
100351,PHISH,52,28,5,0,2,1,1,0,0.2864,1,21
100352,PHISH,61,35,2,0,0,0,0,0,0.0854,0,23
100353,BENIGN,76,44,2,1,4,0,0,0,0.4751,1,7
100354,BENIGN,67,37,2,0,1,0,1,0,0.3333,0,6
100355,BENIGN,48,26,0,1,1,0,1,0,0.2601,0,20
100356,BENIGN,49,29,0,0,0,0,1,0,0.1335,2,5
100357,BENIGN,66,36,1,0,1,0,0,0,0.2074,2,18
100358,BENIGN,85,55,5,0,1,0,0,0,0.664,2,4
100359,BENIGN,46,25,1,0,0,0,0,0,0.3548,0,20
100360,PHISH,73,55,1,3,4,0,0,1,0.3637,0,16
100361,BENIGN,62,36,0,2,2,0,1,0,0.5801,2,12
100362,BENIGN,40,25,3,0,2,0,1,0,0.1983,1,10
100363,BENIGN,45,23,3,0,0,0,1,0,0.1183,0,15
100364,PHISH,81,56,0,0,1,0,0,0,0.3793,2,9
100365,BENIGN,47,33,2,0,2,0,1,0,0.3244,0,9
100366,BENIGN,81,51,1,0,0,0,1,0,0.2879,0,4
100367,PHISH,77,43,3,1,6,1,1,0,0.2299,0,3
100368,BENIGN,76,47,3,2,1,0,0,0,0.4084,1,21
100369,BENIGN,55,30,0,0,0,0,1,0,0.1237,1,17
100370,PHISH,88,59,6,0,1,0,0,0,0.4,1,10
100371,PHISH,72,47,1,2,4,1,1,0,0.5588,1,19
100372,BENIGN,74,46,2,0,0,0,1,0,0.1652,3,14
100373,BENIGN,48,21,3,3,1,0,1,0,0.0816,3,14
100374,BENIGN,71,40,1,0,0,0,1,0,0.1482,0,2
100375,BENIGN,35,24,2,0,0,0,0,0,0.1887,1,12
100376,BENIGN,44,31,2,0,0,0,0,0,0.0594,0,2
100377,PHISH,65,44,3,2,2,0,0,0,0.3677,1,16
100378,BENIGN,66,35,2,1,1,0,1,0,0.0999,0,1
100379,BENIGN,79,50,1,0,1,0,0,0,0.2695,2,12
100380,BENIGN,71,47,6,3,0,0,1,0,0.174,0,8
100381,PHISH,61,32,2,4,3,0,1,0,0.215,1,3
100382,PHISH,65,40,3,3,2,1,1,0,0.5366,1,11
100383,PHISH,71,44,2,2,1,1,0,0,0.249,1,4
100384,BENIGN,35,20,2,2,1,0,1,0,0.19,0,5
100385,BENIGN,41,18,0,0,0,0,1,0,0.1658,1,21
100386,PHISH,88,53,2,2,0,1,1,0,0.4943,2,8
100387,PHISH,93,56,6,1,5,0,1,0,0.1831,1,9
100388,PHISH,128,78,2,4,2,1,1,1,0.3575,3,0
100389,BENIGN,34,19,0,1,1,0,1,0,0.0854,2,7
100390,PHISH,101,61,1,1,0,1,0,1,0.2104,1,8
100391,BENIGN,72,44,1,2,1,0,1,0,0.1405,2,17
100392,BENIGN,41,26,2,0,0,0,1,0,0.1155,1,2
100393,PHISH,73,44,4,0,1,1,0,1,0.137,1,22
100394,BENIGN,71,42,2,2,3,0,0,0,0.1924,1,3
100395,BENIGN,40,25,4,0,1,0,0,0,0.013,0,15
100396,PHISH,53,26,2,0,3,0,0,0,0.2753,3,0
100397,BENIGN,55,35,3,1,4,1,0,0,0.3383,1,19
100398,BENIGN,27,16,2,0,3,0,1,0,0.1882,0,16
100399,BENIGN,70,43,0,1,1,0,0,0,0.1985,2,20
100400,PHISH,54,36,2,1,3,1,0,0,0.5892,1,22
100401,BENIGN,42,19,3,1,1,0,1,0,0.101,5,20
100402,PHISH,82,43,2,1,1,1,0,0,0.4219,26,14
100403,BENIGN,88,55,0,2,3,0,0,0,0.3908,1,20
100404,BENIGN,46,28,4,0,1,0,1,0,0.3439,0,2
100405,PHISH,75,47,3,0,5,0,0,1,0.4936,1,15
100406,PHISH,99,59,4,3,2,1,1,0,0.2077,4,23
100407,BENIGN,76,49,2,2,1,0,1,0,0.1238,1,9
100408,PHISH,86,56,4,0,4,0,0,0,0.2128,2,23
100409,BENIGN,58,37,4,0,3,0,1,0,0.1986,0,12
100410,PHISH,105,64,7,4,3,0,0,0,0.3518,1,11
100411,BENIGN,88,47,2,1,2,1,0,0,0.1603,1,7
100412,BENIGN,79,51,2,2,1,0,0,0,0.155,4,2
100413,BENIGN,51,35,3,0,1,0,0,0,0.0856,3,21
100414,BENIGN,89,57,3,3,0,0,1,0,0.2162,0,17
100415,BENIGN,21,9,3,2,0,0,0,0,0.7451,2,9
100416,BENIGN,60,39,2,3,1,0,1,0,0.3176,1,23
100417,BENIGN,23,17,7,0,1,0,1,0,0.2845,1,4
100418,BENIGN,62,43,4,2,2,0,1,0,0.3388,1,18
100419,BENIGN,68,39,2,0,2,0,1,0,0.0448,0,10
100420,BENIGN,95,58,1,0,2,1,1,1,0.1954,1,14
100421,PHISH,93,60,2,4,3,0,1,1,0.44,1,0
100422,BENIGN,35,21,0,1,1,0,1,0,0.1587,1,14
100423,BENIGN,19,7,1,0,1,0,1,0,0.3063,0,16
100424,BENIGN,36,23,2,1,0,0,1,0,0.3266,0,23
100425,PHISH,68,44,2,2,0,0,0,0,0.2605,6,8
100426,BENIGN,77,48,4,1,0,0,1,0,0.3839,3,1
100427,BENIGN,67,42,3,0,0,0,1,0,0.1073,0,1
100428,PHISH,72,43,5,1,2,0,1,1,0.4338,0,3
100429,BENIGN,46,33,3,1,2,0,1,0,0.2288,0,7
100430,PHISH,60,34,4,0,5,0,0,0,0.382,2,19
100431,PHISH,89,53,7,2,4,0,0,0,0.3072,1,4
100432,PHISH,75,46,2,0,0,0,0,0,0.2014,1,3
100433,BENIGN,59,39,3,2,1,0,1,0,0.7646,2,0
100434,PHISH,74,40,2,2,1,0,0,1,0.3508,1,9
100435,BENIGN,36,17,3,0,1,0,0,0,0.2006,1,14
100436,BENIGN,43,19,2,0,1,0,1,0,0.1078,0,6
100437,BENIGN,72,44,2,0,0,0,1,0,0.2016,1,11
100438,BENIGN,60,33,1,0,0,0,1,0,0.1504,1,5
100439,BENIGN,69,41,0,1,4,0,0,0,0.2303,1,19
100440,BENIGN,34,23,6,1,0,0,1,1,0.4322,2,0
100441,BENIGN,64,37,3,1,2,0,1,0,0.5753,2,4
100442,BENIGN,41,26,0,0,2,0,0,0,0.5676,2,13
100443,PHISH,62,37,1,2,1,1,0,0,0.2825,0,20
100444,BENIGN,69,45,1,0,0,0,1,0,0.042,0,9
100445,BENIGN,48,31,3,1,0,0,1,0,0.1935,3,1
100446,BENIGN,92,54,2,2,1,0,1,0,0.4061,0,13
100447,PHISH,86,52,4,2,4,1,1,1,0.3984,1,6
100448,BENIGN,67,45,6,1,0,0,0,0,0.2205,0,7
100449,BENIGN,39,25,0,0,0,0,1,0,0.1828,0,22
100450,PHISH,67,36,4,1,3,0,1,0,0.4401,0,22
100451,BENIGN,67,43,1,1,0,0,1,0,0.0279,0,6
100452,PHISH,43,22,3,6,2,1,1,0,0.1782,1,14
100453,PHISH,40,29,2,2,1,1,1,0,0.1775,1,12
100454,BENIGN,37,26,2,1,0,0,1,0,0.0926,2,23
100455,BENIGN,42,27,1,1,0,0,1,0,0.0462,1,22
100456,BENIGN,57,35,1,1,1,0,1,0,0.3531,1,8
100457,BENIGN,92,56,2,0,2,0,0,1,0.2399,1,0
100458,BENIGN,53,35,0,4,0,0,1,0,0.1844,0,0
100459,PHISH,91,55,3,2,1,0,0,0,0.3568,0,0
100460,PHISH,85,53,4,1,4,0,1,0,0.3883,0,18
100461,BENIGN,68,45,2,2,2,0,1,0,0.4411,1,17
100462,BENIGN,60,35,2,1,0,0,0,0,0.2651,0,19
100463,PHISH,87,51,5,1,3,1,0,0,0.3179,0,3
100464,BENIGN,43,22,2,0,1,0,1,0,0.1381,0,1
100465,BENIGN,76,43,2,0,4,0,1,0,0.2815,0,4
100466,BENIGN,73,38,2,1,3,0,0,0,0.2489,1,15
100467,BENIGN,69,45,4,0,0,0,0,0,0.1973,0,0
100468,PHISH,106,72,2,1,2,1,0,0,0.2758,0,15
100469,BENIGN,8,9,2,2,2,0,1,0,0.0721,0,21
100470,BENIGN,39,18,0,1,1,0,1,0,0.2109,0,3
100471,BENIGN,38,26,0,1,1,0,1,0,0.3009,1,17
100472,BENIGN,54,38,2,1,0,0,1,0,0.1702,2,13
100473,BENIGN,39,22,2,1,0,0,1,0,0.4992,0,22
100474,BENIGN,20,12,0,0,0,0,1,0,0.2537,1,5
100475,BENIGN,35,14,2,0,1,0,1,0,0.3655,2,5
100476,PHISH,38,24,9,2,0,0,0,0,0.3638,0,0
100477,BENIGN,97,56,4,0,0,0,0,0,0.5104,3,16
100478,PHISH,96,60,6,1,2,0,0,0,0.1672,1,20
100479,BENIGN,61,32,3,3,0,0,1,0,0.2531,1,0
100480,PHISH,51,33,4,1,3,1,1,1,0.5032,1,11
100481,BENIGN,39,27,1,0,2,0,1,0,0.3096,1,17
100482,BENIGN,17,7,2,1,1,0,1,1,0.2743,0,18
100483,BENIGN,64,35,3,1,2,0,1,1,0.3269,0,22
100484,BENIGN,37,15,1,0,2,0,1,0,0.1886,1,17
100485,BENIGN,38,22,1,1,1,0,1,0,0.3779,1,22
100486,BENIGN,32,17,3,0,2,0,1,0,0.0975,1,23
100487,BENIGN,48,24,2,0,2,0,0,0,0.508,0,22
100488,BENIGN,51,33,2,0,1,0,0,0,0.1111,1,10
100489,PHISH,71,42,1,1,1,1,1,0,0.2563,1,9
100490,BENIGN,71,40,4,2,1,0,0,0,0.2476,2,10
100491,BENIGN,50,29,7,0,0,0,1,0,0.168,4,22
100492,BENIGN,82,54,2,2,3,0,1,0,0.2978,1,6
100493,PHISH,56,36,6,0,3,0,0,0,0.277,1,18
100494,BENIGN,63,38,2,1,2,0,1,0,0.2686,1,15
100495,BENIGN,75,48,1,1,7,0,1,0,0.2428,0,1
100496,BENIGN,42,21,1,1,0,0,1,0,0.1531,2,11
100497,BENIGN,53,32,4,0,1,0,1,0,0.1819,1,4
100498,PHISH,73,45,0,0,3,1,1,0,0.6429,3,17
100499,BENIGN,65,38,1,1,1,0,1,0,0.1577,0,10
100500,BENIGN,60,38,1,0,1,0,1,0,0.1406,1,8
100501,PHISH,97,57,3,2,3,0,1,1,0.182,1,1
100502,BENIGN,96,61,3,2,1,0,0,0,0.3116,4,3
100503,BENIGN,78,50,1,4,0,1,1,0,0.3287,3,18
100504,PHISH,74,35,2,1,3,0,0,0,0.1484,0,20
100505,PHISH,93,61,5,1,2,0,0,0,0.1248,2,6
100506,PHISH,107,55,3,2,0,1,1,0,0.5072,2,19
100507,BENIGN,33,18,4,2,1,0,0,0,0.5269,1,13
100508,PHISH,63,42,3,2,1,1,1,0,0.3865,0,8
100509,BENIGN,85,51,0,3,2,0,1,0,0.3946,1,10
100510,BENIGN,26,10,2,0,1,0,1,0,0.0621,1,16
100511,BENIGN,20,8,4,0,2,0,1,0,0.2955,0,21
100512,PHISH,70,46,3,1,4,0,0,0,0.2167,2,11
100513,BENIGN,47,22,1,1,0,0,0,0,0.2392,0,8
100514,BENIGN,49,34,1,0,2,0,1,0,0.0844,1,18
100515,BENIGN,43,26,1,0,1,0,1,0,0.1103,0,12
100516,BENIGN,35,17,3,1,0,0,1,0,0.0942,0,9
100517,BENIGN,41,23,1,1,1,0,1,0,0.3482,2,11
100518,PHISH,59,33,4,0,4,0,1,0,0.1567,5,12
100519,BENIGN,75,49,0,0,1,0,0,0,0.0744,0,3
100520,PHISH,82,53,3,2,1,1,0,0,0.362,2,1
100521,PHISH,93,51,1,0,1,1,0,0,0.2712,4,15
100522,BENIGN,48,28,2,0,1,0,1,0,0.2265,2,4
100523,BENIGN,42,23,1,1,1,0,1,0,0.4229,0,12
100524,BENIGN,55,38,6,0,0,0,1,0,0.1328,2,18
100525,BENIGN,8,0,3,0,0,0,0,0,0.1616,0,5
100526,BENIGN,33,26,1,1,0,0,1,0,0.3262,0,9
100527,BENIGN,55,33,5,0,2,0,1,0,0.2775,1,23
100528,BENIGN,49,26,1,5,1,1,1,0,0.3085,2,0
100529,PHISH,55,31,3,2,3,0,0,0,0.335,1,18
100530,BENIGN,74,43,4,2,2,0,0,0,0.2166,2,4
100531,BENIGN,70,38,4,2,2,1,0,0,0.1806,1,21
100532,PHISH,92,57,2,2,3,0,1,0,0.237,0,9
100533,PHISH,63,34,3,1,2,0,0,0,0.3711,1,0
100534,BENIGN,81,42,3,2,3,0,1,0,0.1348,1,17
100535,BENIGN,24,13,2,0,0,0,1,0,0.0913,1,3
100536,BENIGN,56,28,0,1,1,0,1,0,0.0553,0,8
100537,BENIGN,74,43,4,3,1,0,1,0,0.2148,2,12
100538,BENIGN,36,19,1,0,2,0,1,0,0.0968,1,17
100539,BENIGN,54,30,2,1,0,0,0,0,0.1736,0,10
100540,PHISH,87,60,1,1,1,0,1,0,0.6926,0,20
100541,BENIGN,76,47,1,2,3,1,1,1,0.459,1,11
100542,BENIGN,46,29,3,1,2,0,0,0,0.1508,0,8
100543,PHISH,59,30,2,3,2,0,0,0,0.1887,2,8
100544,PHISH,86,51,4,1,4,0,1,0,0.5179,0,19
100545,BENIGN,50,31,3,1,0,0,1,0,0.2012,0,15
100546,BENIGN,46,24,2,0,0,1,1,0,0.3082,1,3
100547,BENIGN,57,38,2,2,0,0,1,1,0.0981,1,18
100548,BENIGN,50,26,0,0,3,0,1,0,0.054,2,9
100549,BENIGN,84,51,2,1,1,0,1,0,0.182,1,8
100550,PHISH,83,49,2,0,1,0,1,0,0.5381,2,2
100551,PHISH,80,50,1,1,1,1,1,1,0.1394,0,23
100552,BENIGN,29,15,0,0,2,0,1,0,0.3611,0,1
100553,BENIGN,73,44,1,1,0,1,1,0,0.1733,1,23
100554,PHISH,73,44,3,1,5,0,0,1,0.4731,3,1
100555,BENIGN,56,32,2,0,0,0,1,0,0.1334,4,12
100556,PHISH,50,32,1,0,1,0,0,0,0.5238,2,2
100557,BENIGN,45,28,1,2,1,0,1,0,0.1746,1,11
100558,PHISH,32,19,4,1,1,0,0,0,0.3256,1,20
100559,BENIGN,63,37,1,1,1,0,1,1,0.2944,2,14
100560,BENIGN,36,25,0,1,1,0,1,0,0.1657,0,13
100561,BENIGN,57,34,0,1,0,0,1,0,0.0843,1,2
100562,BENIGN,73,44,1,1,2,0,1,0,0.283,0,22
100563,PHISH,65,40,2,1,1,1,0,0,0.7088,2,9
100564,PHISH,73,51,3,2,0,0,0,0,0.2438,2,12
100565,BENIGN,57,30,2,2,3,0,0,0,0.1673,1,21
100566,PHISH,60,39,2,1,2,0,1,1,0.3502,1,15
100567,PHISH,87,47,1,0,1,1,1,1,0.2102,3,17
100568,BENIGN,40,25,2,1,1,0,1,0,0.2122,0,4
100569,PHISH,83,56,1,3,1,0,0,0,0.2277,1,11
100570,BENIGN,56,36,2,2,3,0,1,0,0.4198,0,12
100571,BENIGN,70,43,5,2,2,0,0,0,0.1513,1,4
100572,BENIGN,80,47,5,2,1,0,1,0,0.3139,1,9
100573,BENIGN,73,45,1,1,1,0,0,0,0.1864,0,19
100574,BENIGN,67,40,4,0,1,0,1,0,0.2572,3,22
100575,BENIGN,78,45,3,2,1,0,1,0,0.3429,2,19
100576,PHISH,60,36,1,0,0,0,0,0,0.166,1,22
100577,BENIGN,68,42,5,1,2,1,1,0,0.2276,2,23
100578,BENIGN,76,44,5,2,1,0,1,0,0.162,1,4
100579,PHISH,89,52,5,3,1,0,1,0,0.3087,0,20
100580,PHISH,63,34,4,0,0,0,1,1,0.2769,0,14
100581,PHISH,86,54,3,2,2,0,0,0,0.3808,1,20
100582,PHISH,86,55,0,1,2,0,0,0,0.5524,0,15
100583,BENIGN,37,23,2,0,0,0,1,0,0.1073,1,2
100584,BENIGN,63,42,1,2,0,0,0,0,0.117,0,13
100585,PHISH,72,44,3,2,5,0,0,1,0.499,0,18
100586,BENIGN,68,43,4,2,2,0,0,0,0.3204,0,2
100587,BENIGN,36,23,0,2,0,0,1,0,0.2225,0,12
100588,BENIGN,80,49,0,0,2,0,1,0,0.3807,1,15
100589,BENIGN,53,31,2,2,0,0,1,0,0.1106,0,11
100590,BENIGN,35,29,0,0,0,0,1,0,0.1093,1,19
100591,PHISH,101,61,5,1,1,1,0,0,0.4713,1,3
100592,BENIGN,24,12,3,0,0,0,1,0,0.124,0,8
100593,BENIGN,20,13,0,3,2,0,1,0,0.3072,0,22
100594,PHISH,79,49,4,2,0,0,0,0,0.7773,0,12
100595,BENIGN,39,19,3,0,0,0,1,0,0.2147,3,4
100596,BENIGN,55,38,2,3,0,0,1,0,0.3475,1,2
100597,BENIGN,50,30,5,4,0,0,0,0,0.2918,0,14
100598,PHISH,68,38,3,4,1,0,0,0,0.3348,2,22
100599,PHISH,117,76,6,0,3,1,1,0,0.4091,1,1
100600,BENIGN,80,51,0,0,3,0,0,1,0.2148,1,2
100601,PHISH,63,34,4,3,1,0,0,0,0.2808,0,9
100602,PHISH,67,47,1,2,1,0,0,1,0.291,2,5
100603,PHISH,75,48,3,0,3,1,1,0,0.2139,6,2
100604,PHISH,38,23,3,1,2,1,0,0,0.5374,1,7
100605,PHISH,88,60,4,1,3,0,0,0,0.1939,0,15
100606,BENIGN,89,55,2,0,2,0,1,0,0.255,1,19
100607,BENIGN,54,33,2,0,0,0,0,0,0.2998,2,7
100608,PHISH,32,17,3,3,0,0,0,0,0.1614,1,16
100609,BENIGN,54,35,0,1,1,0,1,0,0.1579,1,19
100610,BENIGN,43,28,2,1,1,0,0,0,0.1405,0,0
100611,PHISH,65,40,5,3,1,1,1,0,0.331,1,20
100612,PHISH,36,19,5,1,5,0,0,0,0.2653,1,4
100613,BENIGN,94,58,4,0,0,0,0,0,0.4274,0,16
100614,PHISH,97,59,1,3,1,0,1,0,0.8345,1,18
100615,BENIGN,47,24,1,3,0,0,1,0,0.1821,0,20
100616,BENIGN,33,15,4,1,3,0,1,0,0.2394,2,9
100617,BENIGN,58,37,2,4,1,0,0,0,0.2983,1,15
100618,PHISH,74,36,0,1,0,1,1,0,0.2215,0,0
100619,BENIGN,8,5,0,0,1,0,0,1,0.219,1,10
100620,BENIGN,34,19,1,1,0,0,1,0,0.1304,0,23
100621,BENIGN,56,39,4,3,2,0,1,0,0.6443,4,3
100622,PHISH,74,44,1,1,1,0,0,0,0.2224,26,3
100623,PHISH,74,48,3,3,5,0,0,0,0.8262,1,16
100624,PHISH,66,39,1,2,2,0,1,1,0.2268,0,12
100625,BENIGN,93,58,3,2,0,0,1,0,0.2491,0,10
100626,BENIGN,87,56,1,2,2,1,1,0,0.1287,1,5
100627,BENIGN,72,43,1,2,1,0,1,1,0.3655,3,4
100628,BENIGN,48,33,0,0,1,0,1,0,0.0842,0,17
100629,BENIGN,40,21,3,1,0,0,1,0,0.3888,2,8
100630,BENIGN,95,59,2,2,2,0,1,0,0.2012,1,18
100631,BENIGN,70,46,2,1,2,1,1,0,0.2042,1,10
100632,PHISH,68,44,3,1,1,0,1,0,0.1832,0,9
100633,BENIGN,39,30,3,0,1,0,1,0,0.3586,0,5
100634,BENIGN,30,15,2,2,3,0,0,0,0.0956,1,15
100635,BENIGN,43,21,1,0,1,0,1,0,0.3069,1,6
100636,BENIGN,58,32,0,1,0,0,1,0,0.2089,1,21
100637,BENIGN,75,48,2,0,0,0,1,0,0.462,1,9
100638,PHISH,46,30,3,2,0,1,0,0,0.5211,1,19
100639,PHISH,73,45,0,0,3,0,0,0,0.2176,1,11
100640,PHISH,91,52,5,1,3,1,0,0,0.3734,1,9
100641,PHISH,43,29,6,1,1,0,0,1,0.3689,0,10
100642,PHISH,59,32,5,3,2,0,0,1,0.5494,1,10
100643,BENIGN,54,37,2,0,0,0,0,0,0.0128,1,11
100644,BENIGN,53,42,1,3,1,0,1,0,0.0882,1,21
100645,PHISH,74,47,2,0,4,0,0,0,0.1837,2,16
100646,PHISH,108,69,3,0,1,1,0,0,0.3105,2,0
100647,PHISH,45,26,2,1,1,0,0,0,0.477,0,1
100648,PHISH,73,38,0,1,3,0,1,0,0.3661,26,0
100649,PHISH,113,67,1,0,0,0,0,0,0.2262,1,16
100650,BENIGN,36,18,2,0,0,0,1,0,0.2128,1,4
100651,BENIGN,44,22,3,0,1,0,1,0,0.3112,1,9
100652,BENIGN,87,59,3,3,1,0,1,0,0.3418,2,19
100653,PHISH,77,48,1,2,1,1,1,0,0.4148,0,3
100654,PHISH,40,26,3,0,1,1,1,0,0.1474,0,3
100655,PHISH,62,37,3,1,1,1,1,0,0.5058,1,1
100656,BENIGN,91,55,5,0,0,0,1,0,0.4879,0,6
100657,PHISH,84,55,2,0,1,0,1,1,0.5644,0,2
100658,PHISH,40,24,1,0,0,0,1,1,0.4305,0,15
100659,PHISH,80,51,0,1,3,1,0,1,0.4208,1,17
100660,BENIGN,55,33,3,0,0,0,0,0,0.34,1,4
100661,BENIGN,47,27,1,1,1,0,1,0,0.4026,0,12
100662,PHISH,89,50,2,1,3,0,0,1,0.344,2,7
100663,BENIGN,26,9,0,2,1,0,1,0,0.3019,1,1
100664,BENIGN,47,28,0,0,0,0,1,0,0.1797,0,11
100665,BENIGN,85,52,2,0,0,0,1,0,0.2926,1,16
100666,PHISH,79,44,2,0,2,1,1,1,0.4772,1,5
100667,PHISH,70,43,6,1,1,0,1,0,0.5339,33,18
100668,BENIGN,77,47,2,4,2,0,1,0,0.3589,4,23
100669,BENIGN,45,20,4,1,3,0,1,0,0.0827,2,1
100670,BENIGN,53,29,2,2,0,0,1,0,0.6206,1,3
100671,BENIGN,38,24,3,1,0,0,1,0,0.0399,0,6
100672,BENIGN,80,50,2,0,2,1,1,0,0.4832,3,20
100673,PHISH,58,31,2,4,5,0,0,1,0.2993,2,3
100674,BENIGN,85,53,2,1,1,0,1,0,0.2922,4,11
100675,PHISH,60,40,2,1,2,1,1,0,0.2138,1,12
100676,BENIGN,62,41,1,1,0,0,1,0,0.2841,1,3
100677,PHISH,63,38,2,1,1,0,0,0,0.2632,0,1
100678,BENIGN,83,49,4,3,1,0,1,0,0.1627,0,2
100679,BENIGN,64,37,2,0,1,0,1,0,0.2594,1,1
100680,BENIGN,70,45,3,0,1,0,1,0,0.2282,0,12
100681,BENIGN,16,10,1,1,2,0,1,0,0.0789,0,22
100682,BENIGN,60,39,1,1,0,0,1,1,0.3121,2,8
100683,PHISH,45,28,3,1,3,0,1,1,0.2902,2,6
100684,BENIGN,34,23,2,1,1,0,1,0,0.1511,0,5
100685,PHISH,68,42,3,1,2,0,0,0,0.2522,0,23
100686,PHISH,60,39,1,0,3,0,1,0,0.3202,0,23
100687,BENIGN,67,44,1,0,3,0,1,0,0.2758,1,15
100688,PHISH,86,50,3,1,4,1,1,0,0.2599,2,11
100689,BENIGN,78,42,0,1,1,0,0,0,0.155,5,3
100690,PHISH,87,59,2,3,1,1,0,0,0.2565,1,22
100691,PHISH,71,44,1,0,3,0,1,1,0.122,1,0
100692,BENIGN,35,15,2,1,1,0,1,0,0.3954,0,3
100693,BENIGN,44,24,0,0,0,0,1,0,0.2584,0,16
100694,PHISH,50,33,1,0,1,0,0,0,0.5957,0,4
100695,BENIGN,53,31,5,2,2,0,1,0,0.2259,0,2
100696,PHISH,64,37,2,1,4,0,0,0,0.2809,0,14
100697,BENIGN,93,62,1,1,0,0,1,0,0.1718,17,0
100698,BENIGN,48,26,3,1,0,0,1,0,0.1558,1,6
100699,PHISH,74,43,3,1,3,0,1,0,0.7282,1,15
100700,BENIGN,37,23,0,1,0,1,1,0,0.3996,0,4
100701,BENIGN,38,24,5,0,1,0,0,1,0.0698,1,18
100702,BENIGN,77,49,1,0,2,0,1,0,0.3048,3,2
100703,BENIGN,36,25,0,0,0,0,1,0,0.2009,1,14
100704,PHISH,87,54,3,2,1,0,0,0,0.4627,0,1
100705,BENIGN,21,14,2,1,2,0,0,0,0.2159,2,17
100706,BENIGN,94,57,3,2,1,0,1,0,0.1442,0,18
100707,PHISH,85,52,3,0,2,1,0,0,0.3637,0,19
100708,PHISH,72,45,3,3,1,0,0,0,0.3404,1,6
100709,PHISH,68,42,5,1,1,0,1,0,0.264,1,5
100710,BENIGN,38,26,3,0,3,0,0,0,0.199,0,23
100711,PHISH,104,66,5,3,3,0,0,0,0.3107,0,17
100712,PHISH,65,40,2,1,2,1,1,0,0.3063,1,4
100713,PHISH,73,42,3,1,3,0,0,0,0.2225,1,0
100714,BENIGN,73,45,3,2,6,0,1,0,0.2379,1,8
100715,PHISH,66,40,2,0,1,0,0,1,0.2862,1,15
100716,BENIGN,58,36,2,3,1,0,1,0,0.0762,1,8
100717,PHISH,69,50,2,1,2,0,0,0,0.1872,4,19
100718,BENIGN,53,31,0,2,0,0,1,0,0.3086,1,12
100719,BENIGN,69,44,2,1,1,0,1,0,0.2683,0,23
100720,PHISH,92,60,2,1,1,1,1,1,0.3685,2,20
